title,url,author,snippets_url
Lockwood de Forest: furnishing the Gilded Age with a passion for India,/books/OL23162472M/Lockwood_de_Forest,Roberta A. Mayer,https://archive.org/stream/lockwooddeforest0000maye?ref=ol&access=1#search/%22Archives+of+American+Art%22
Oral history collections,/books/OL5065659M/Oral_history_collections,Alan M. Meckler,https://archive.org/stream/isbn_9780835206037?ref=ol&access=1#search/%22Archives+of+American+Art%22
"William Edward West, 1788-1857: Kentucky painter",/books/OL2554884M/William_Edward_West_1788-1857,Estill Curtis Pennington,https://archive.org/stream/williamedwardwes0000penn?ref=ol&access=1#search/%22Archives+of+American+Art%22
Willem de Kooning: from the Hirshhorn Museum Collection,/books/OL1402472M/Willem_de_Kooning,Judith Zilczer,https://archive.org/stream/willemdekooningf0000zilc?ref=ol&access=1#search/%22Archives+of+American+Art%22
Sam Gilliam: a retrospective,/books/OL3395827M/Sam_Gilliam,Jonathan P. Binstock,https://archive.org/stream/samgilliamretros0000bins?ref=ol&access=1#search/%22Archives+of+American+Art%22
George Tooker,/books/OL23107435M/George_Tooker,George Tooker,https://archive.org/stream/georgetooker0000cozz?ref=ol&access=1#search/%22Archives+of+American+Art%22
New Spirit,/books/OL29147375M/New_Spirit,"Gail Stavitsky, Laurette E. McCarthy, and Charles H. Duncan",https://archive.org/stream/newspiritamerica0000stav?ref=ol&access=1#search/%22Archives+of+American+Art%22
"Cultural inheritance, L.A.: a directory of less-visible archives and collections in the Los Angeles region.",/books/OL33982M/Cultural_inheritance_L.A.,Robin Thornes and John Bold,https://archive.org/stream/culturalinherita0000unse?ref=ol&access=1#search/%22Archives+of+American+Art%22
A troublesome subject: the art of Robert Arneson,/books/OL26918474M/A_troublesome_subject,Jonathan David Fineberg,https://archive.org/stream/troublesomesubje0000fine?ref=ol&access=1#search/%22Archives+of+American+Art%22
Celebrating Heroes: American Mural Studies of the 1930s and 1940s from the Steven and Susan Hirsch Collection,/books/OL43051146M/Celebrating_Heroes,Patricia Phagan,https://archive.org/stream/celebratingheroe0000phag?ref=ol&access=1#search/%22Archives+of+American+Art%22
Louis Michel Eilshemius,/books/OL4556591M/Louis_Michel_Eilshemius,Paul J. Karlstrom,https://archive.org/stream/louismicheleilsh0000karl?ref=ol&access=1#search/%22Archives+of+American+Art%22
"The Patricia and Phillip Frost collection, American abstraction, 1930-1945",/books/OL2217702M/The_Patricia_and_Phillip_Frost_collection_American_abstraction_1930-1945,Virginia M. Mecklenburg,https://archive.org/stream/patriciaphillipf0000meck?ref=ol&access=1#search/%22Archives+of+American+Art%22
Charles Sheeler: across media,/books/OL3413384M/Charles_Sheeler,Charles Brock,https://archive.org/stream/charlessheelerac0000broc?ref=ol&access=1#search/%22Archives+of+American+Art%22
The Rothko Book,/books/OL8989909M/The_Rothko_Book,Bonnie Clearwater,https://archive.org/stream/seeingrothko0000unse?ref=ol&access=1#search/%22Archives+of+American+Art%22
Des Américains à Paris: artistes et bohèmes dans la France de l'après-guerre,/books/OL44544304M/Des_Américains_à_Paris,Elisa Capdevila,https://archive.org/stream/desamericainsapa0000capd?ref=ol&access=1#search/%22Archives+of+American+Art%22
Masterpieces of American modernism: from the Vilcek Collection,/books/OL31888696M/Masterpieces_of_American_modernism,William C. Agee,https://archive.org/stream/masterpiecesofam0000agee?ref=ol&access=1#search/%22Archives+of+American+Art%22
"Rediscoveries in American sculpture: studio works, 1893-1939",/books/OL2043779M/Rediscoveries_in_American_sculpture,Janis C. Conner,https://archive.org/stream/rediscoveriesina0000conn?ref=ol&access=1#search/%22Archives+of+American+Art%22
