Collection Title,Match Count
"Statement on an exhibit of the Washington Art Association, ca. 1860",741
"Arts Club of Washington scrapbooks, 1916-1991",358
"Advancing American Art: exhibition records, 1946-1977",294
"American Art Research Council records, 1935-1956, bulk 1942-1947",187
"Washington Gallery of Modern Art records, 1959-1992",176
"Whitney Museum of American Art, Juliana Force papers, 1916-1958",150
"Selections from the Philadelphia Museum of Art's Archives of American Art collection, 1866-1968",120
"Lockwood de Forest papers, 1858-1980, bulk 1870-1930",81
"Neal W. Richmond papers relating to New York City art galleries, 1912-1918",75
"Things you should know about Living American Art : a handbook of facts for editors and critics, 1937",57
"John Altoon art work and papers, circa 1940-1969",52
"Hiram Williams papers, 1955-1965",50
"American Art Association Records, circa 1853-1929, bulk 1885-1922",49
"American art exhibition catalog collection microfilm, 1820-1960",49
"California Art Gallery journal issues, 1873",45
"Walt Kuhn Family papers and Armory Show records, 1859-1984, bulk 1900-1949",44
"Jackson Pollock and Lee Krasner papers, circa 1914-1984, bulk 1942-1984",42
"Stanton Macdonald-Wright papers, 1890-2008",41
"Federal Art Project (Calif.) photographs, 1935-1943",40
"William Macbeth papers, 1870-1919",38
"Receipt for illustrations, 1895 Oct. 15",37
"Perry Townsend Rathbone papers, 1929-2022",35
"Herzl Emanuel scrapbook, ca. 1960-1963",34
"Macbeth Gallery records, 1947-1948, 1838-1968, bulk 1892-1953",34
"Walter Pach papers, 1857-1980",32
"William Edward West papers, ca. 1818-1961",32
"William Merritt Chase papers, circa 1890-1964",31
"Gerald Monroe research material on the American Artists' Congress, the Artists' Union, and the WPA, ca. 1930-1971",31
"Arthur Painter papers of the Federal Art Project, 1938-1941",30
"Rosenthal Collection of Drawings by American Artists inventory, ca. 1927-1930",30
"Oscar Bluemner papers, 1886-1939, 1960",28
"Marsden Hartley letter collection, circa 1930-1941",28
"Panel discussion: ""Glimpses of some early departments of the history of art in the U.S.A."", 1987 Feb. 13",28
"Photograph of Edith Halpert, ca. 1930",28
"Foundation for Art Resources records, 1979-1983",27
"Cecilia Beaux papers, 1863-1968",26
"Charles Sheeler papers, circa 1840s-1966, bulk 1923-1965",25
"The artists of America : a series of biographical sketches of American artists : with portraits and designs on steel / by C. Edwards Lester, 1846",25
"Federal art program papers of Franklin D. Roosevelt and Harry L. Hopkins, 1932-1942",23
"American Abstract Artists records, 1936-1983",22
"Sam Gilliam papers, 1957-1989, 1957-1989",22
"F.W. Sargent papers, 1854-1960, bulk 1854-1888",22
"Charles Sheeler letter collection, 1939-1958",22
"Howard Roberts scrapbook and photographs, ca. 1867-1894",21
"Alexander Calder letters and photographs, 1927-1960",21
"Raphael Ellender papers, ca. 1935-1972",21
"Winslow Homer and Homer family papers from the Bowdoin College Museum of Art, 1846-1954",21
"John Rettig papers, ca. 1840-1965",20
"Jacob Lawrence papers microfilm, 1937-1992",20
"Barnett Newman papers, 1943-1971",20
"Horace Pippin notebooks and letters, circa 1920, 1943",20
"Adolph Gottlieb papers, 1929-1967",20
"Jackson Pollock letter, ca. 1935",20
"Photographs of artwork, 1960-1969",19
"Washington Project for the Arts records, ca. 1975-1990.",19
"Letters from Joseph Cornell and related printed material, 1946-1967",18
"Afro-American Historical and Cultural Museum artists' files, 1968-1985",18
"Alexander Calder papers, 1926-1967",18
"John Weichsel papers concerning the People's Art Guild, 1905-1965, bulk 1905-1929, bulk 1905-1929",17
"Archives of San Diego Art Oral History Project interviews, 1979-1980",17
"History of the Brooklyn Art Association : manuscript, 1970",17
"Violet Oakley papers, 1841-1981",17
"New directions in American painting and sculpture, 1960 Apr. 13",17
"Lecture, American painting from 1795 to 1825, for Detroit Institute of Arts seminar, 1957",16
"National Sculpture Society records, circa 1890-circa 1960",16
"Marguerite Wildenhain papers, 1930-1982",16
"Arthur and Helen Torr Dove papers, 1905-1975",16
"Selected art related letters from the Lewis Coryell papers, 1836-1867",15
"Romare Bearden papers, 1937-1982",15
"Photo-librairie de France photographs of an exhibition organized by Gertrude Vanderbilt Whitney in Paris, 192-?",15
"Betty Parsons Gallery records and personal papers, 1916-1991, bulk 1946-1983",14
"Whitney Museum of American Art artists' files and records, 1914-1966",14
"Mark Rothko papers, undated and 1943",14
"California Federal Art Project papers, 1935-1964",14
"Thomas Anshutz papers, circa 1870-1942",14
"Elmer Livingston MacRae papers related to the Association of American Painters and Sculptors, 1899-circa 2013, bulk 1912-1916",14
"Pierre Matisse Gallery printed material, 1936-1988",14
"Ted Egri photographs of work for the Federal Art Project, 1938",13
"George L. Frankenstein papers, 1866-1949",13
"Ruth Vollmer papers, circa 1940-1980",13
"Scrapbook on the Common Ground of the Arts, 1978",13
"Public Works of Art Project articles and exhibition catalog, 1933-1934",13
"Lucy R. Lippard papers, 1930s-2010, bulk 1960-1990",13
"Marcel Duchamp scrapbooks, 1916-1969",13
"Louise Nevelson papers, circa 1903-1982",13
"Lilla Cabot Perry photographs, ca. 1889-1909",13
"Thomas Hart Benton papers, 1906-1975",12
"Gaston and Isabelle Nagle Lachaise papers, 1903-1962",12
"Papers relating to the sale of George Whitney's art collection, undated",12
"Philip Evergood papers, 1890-1971",12
"Myron Chester and Muriel Leone (Tyler) Nutting papers, 1890-1972",12
"Elizabeth McCausland papers, 1838-1995, bulk 1920-1960",12
"Manierre Dawson papers, 1904-1963",12
"Papers relating to the 1913 Armory Show 50th Anniversary Exhibition, circa 1962-1995",12
"Barbara Frank papers, circa 1970-1992",12
"John Steuart Curry printed material, 1919-1963",11
"Winslow Homer collection, 1863, 1877-1945",11
"Philip Leslie Hale drawings, ca. 1880-ca. 1930",11
"John Singer Sargent letters, 1887-1922",11
"Forbes Watson papers, 1840-1967, bulk 1900-1960",11
"David Smith miscellaneous papers, ca. 1940-1964",11
"Henry Ossawa Tanner papers, 1860s-1978, bulk 1890-1937",11
"Katharine Lane Weems papers, 1865-1989",11
"Art Students League records, 1875-1955",11
"Max Weber papers, 1902-2008",11
"Joseph Stella papers, circa 1900-1970",11
"Photographs of work by Federal Art Project artists in New Mexico, 1935-1943",11
"A publication by The New-York etching club with catalogue of etching proofs exhibited at the National Academy of Design, New-York, February 1891, 1891",10
"Louis Lozowick papers, 1898-1974",10
"Horace Pippin printed material, 1939-1946",10
"The New York artist, 1940-",10
"Herbert Ferber papers, 1932-1987",10
"Beginnings : the history of the Fine Arts Work Center, 1964-1969 : manuscript, by Josephine C. Del Deo, 1986 /",10
"Esther McCoy papers, circa 1876-1990, bulk 1938-1989",10
"Hiram Powers papers, 1819-1953, bulk 1835-1883",10
"Selected art related documents from the Library Company of Philadelphia, 1785-1883",10
"Imogen Cunningham papers, 1903-1991",10
"Margaret Beard Gilpin scrapbooks on Harington Beard and Beard Art Galleries, ca. 1870-1940",10
"Honoré Sharrer papers, circa 1920-2007",10
"Records relating to Index of American Design Exhibition, 1936-1937",10
"Kamekichi Tokita Papers, circa 1900-circa 2010, bulk 1900-1948",10
"Photographs of paintings, ca. 1948-1962",10
"Washington Society of Landscape Painters records, 1917-2000",10
"Henry McBride papers, 1887-1962",10
"James W. Washington, Jr. papers, 1938-1989",9
"Emmet family papers, 1792-1989, bulk 1851-1989",9
"Miscellaneous photographs collection, circa 1845-1980",9
"Jervis McEntee papers, 1796, 1848-1905",9
"Michael Goldberg papers, 1942-1981",9
"Museum of Contemporary Art interviews, 1979-1986",9
"Metropolitan Museum of Art scrapbooks on American illustrators, 1870-1938",9
"The story of the Armory Show / by Walt Kuhn, 1938",9
"Ad Reinhardt papers, 1927-1968",9
"George Biddle papers, circa 1910-1970",9
"University of Virginia Art Museum photographs, 1925-1939",9
"John White Alexander papers, 1775-1968, bulk 1870-1915",8
"Federal Art Project card file of artists, ca. 1935-1943",8
"Walter Elmer Schofield papers, 1885-1974",8
"Oral history interviews relating to the arts, 1956",8
"Selected items from the Art Division of the New York Public Library, 1788-1954, bulk 1850-1950",8
"Marian Gore ""Art Scene"" interviews and papers, 1958-1969",8
"Federation of Modern Painters and Sculptors records, 1940-1996",8
"Photographs of sculpture by David Smith, 1965 July",8
"Mary Bartlett Cowdrey papers, 1830-1960",8
"Municipal Art Society of New York records, 1901-1960",8
"Stanton Macdonald-Wright collection, 1940-1950",8
"Julian Alden Weir papers, 1869-1966",8
"Creative art : a magazine of fine and applied art, 1927-1933",8
"Eleanor Jewett papers, 1892-1955",8
"Oral history interviews of artists conducted by Susan C. Larsen, 1973-1978",8
"Charlotte Willard papers, 1939-1970",8
"New York Art Conservation Consortium records, 1976",8
"Martin Birnbaum papers, 1862-1967, bulk 1920-1967",8
"Ilya Bolotowsky papers, 1937-1980",8
"Tomás Ybarra-Frausto research material on Chicano art, 1965-2004",8
"Passedoit Gallery exhibition catalogs, 1936-1959",8
"Ben Shahn papers, 1879-1990, bulk 1933-1970",8
"Margaret D. Engle letters from artists, 1937-1943",8
"Madison art essay, 1939",8
"Georgia O'Keeffe printed material, 1905",8
"Thomas Hovenden scrapbook, 1866-1895",8
"Hale Woodruff papers, 1920-1977, bulk 1960s-1970s",7
"Arthur Wesley Dow papers, circa 1826-1978, bulk 1879-1922",7
"Chicago Latino/a Artists Studies Project (CLASP) files relating to Latino/a artists, 2004-2022",7
"Carl Zigrosser papers, 1891-1971",7
"American art: its progress and prospects / by John F. Weir, N.A., School of Fine Arts, Yale College, 1878",7
"Museum of Fine Arts, Museum of New Mexico files, 1897-1984",7
"Frans Wildenhain papers, circa 1890-1991",7
"Richard Brown Baker papers, 1941-1979",7
"Alfred Puhn photographs of artists, ca. 1950-1959",7
"Paul Karlstrom interviews of and relating to Ruth Braunstein, 2014-2017",7
"Hassel Smith papers, circa 1900-2004, bulk 1930-1995",7
"Robert Arneson papers, circa 1963-1977",7
"Corcoran Gallery of Art records, 1860-1947",7
"Michigan Art Journal records, 1974-1979",7
"John Steuart Curry and Curry family papers, 1848-1999",7
"California Art Club guest register and scrapbooks, 1916-1961",7
"Louis M. Eilshemius letters and photographs, circa 1892-circa 1931",7
"George Tooker papers, circa 1851-2010",7
"William Baziotes sketchbooks (microfilm), 1933",7
"John Marin printed material and drawings, 1929-1955",7
"Thomas Seir Cummings correspondence and printed material microfilm, 1826-1893",7
"Sheldon Cheney papers, 1915-1972",7
"San Francisco Museum of Modern Art photographs of Arthur Dove, ca. 1920-1946",7
"Don Anderson papers relating to John Steuart Curry, 1942-1973",7
"Selected art related letters from the Benjamin Franklin papers, 1766-1789",7
"Mary Cassatt collection, 1871-1955",7
"Dennis Miller Bunker collection, 1882-1943, bulk 1882-1890",7
"Yasuo Kuniyoshi photographs of artwork, circa 1945-1953",7
"Photographs of California artists, 1976-1993",7
"American art today / New York World's Fair, c1939",7
"Peter Blume papers, 1870-2001",7
"Los Angeles County Museum correspondence with artists, 1917-1938",6
"Eleanor Munro papers, circa 1880-2011, bulk 1950-2011",6
"Miscellaneous letters, notes and clippings relating to Elihu Vedder, 1857-1918",6
"Rockwell Kent papers, circa 1840-1993, bulk 1935-1961",6
"David Smith papers, 1926-1965",6
"Seymour Lipton papers, circa 1900-1991",6
"Archibald Motley papers, 1925-1977",6
"Dada and Surrealism in America : a symposium in honor of Man Ray, symposium records, 1988",6
"Frank Duveneck and Elizabeth Boott Duveneck papers, 1851-1972, bulk 1851-1919",6
"Stanton Macdonald-Wright letters to Morgan Russell, 1913-1938",6
"Frank Duveneck papers, 1845-1919",6
"Abraham Walkowitz papers, 1904-1969",6
"George Platt Lynes photographs, 1926-1950",6
"Cynthia Johanson photographs of artists and works of art, 1987-2007",6
"Anna Hyatt-Huntington papers, 1902-1965",6
"Benjamin Forgey papers, circa 1964-2015",6
"Leon Dabo papers, circa 1888-1969",6
"Letters and clippings relating to the Solomon R. Guggenheim Museum, 1956-1958",6
"David S. Osborn papers relating to the Federal art project in California, 1956",6
"Exhibition : 200 American Watercolors / by the Section of Fine Arts, 1940",6
"Palmer C. Hayden papers, 1920-1970",6
"Elizabeth Gardner Bouguereau papers, 1853-1977",6
"Joan Brown papers, 1955-1974",6
"Papers relating to Anton Refregier mural controversy, 1953",6
"Clay Spohn papers, circa 1862-1985, bulk 1890-1985",6
"Allen Tupper True and True family papers, 1841-1987",6
"Jesse L. Nusbaum Public Works of Art records, 1934-1935",6
"Photographs relating to the WPA Southern California Art Project, circa 1937-1941",6
"Pennsylvania Academy of the Fine Arts records, 1805-1976",6
"Waldo Peirce papers, 1903-1970",6
"Fischbach Gallery records, 1937-2015, bulk 1963-1977",6
"Katharine Kuh papers, 1875-1994, bulk 1930-1994",6
"Federal art : a memoir of the thirties, circa 1980",6
"Coalition of Women's Art Organization Records, circa 1961-1981",6
"Newman Galleries Photographs and Printed Material, circa 1860-1965",6
"William Benton papers, 1940-1983",6
"Charles Grafly photographs, ca. 1890-1950",6
"Patricia Jordan papers, 1870, 1949-1984",6
"The Zorach family papers, 1900-1987",6
"Frederick A. Sweet research material on Mary Cassatt and James A. McNeill Whistler, 1872-1975",6
"Charles Henry Hart autograph collection, 1731-1918",6
"Marlene Park and Gerald E. Markowitz research materials on New Deal Art, 1931-1999",6
"Abstract expressionist art movement in America video documentation project, 1991-1992",6
"Stuyvesant Van Veen papers, circa 1926-1988",5
"Selected art related papers from the Simon Gratz Collection, ca. 1770-1921",5
"Thomas Cole papers, 1821-1863",5
"Theodore Wores papers, 1881-1967",5
"John Ferren papers, 1927-1969",5
"Society of Painters in Water Colors records, 1850-1855",5
"Scrapbooks relating to the Solomon R. Guggenheim Foundation, 1935-1939",5
"Photographs of Imogen Cunningham, 1975",5
"William Trost Richards papers, 1848-1920",5
"Interview with Robert Smithson, 1968",5
"Chaim and Dorothy Koppelman papers, circa 1930s-2006, bulk 1942-2005",5
"Richard Lahey papers, 1919-1970",5
"Abraham Rattner and Esther Gentle papers, 1891-1986",5
"Provincetown Art Association records and photographs, 1914-circa 1975",5
"Kenyon and Louise Cox papers, 1876-1977",5
"John Jones interviews with artists, 1965 Oct. 5-1965 Nov. 12",5
"Bernard Childs papers, circa 1950-2017",5
"John Quinn memorial collection in the New York Public Library, 1901-1925",5
"Wyncie King papers, ca. 1940-1950",5
"John Lowell Jones papers on B. J. O. Nordfeldt, 1945-1977",5
"Sibyl and Laszlo Moholy-Nagy papers, 1918-1971",5
"George L. K. Morris papers, 1916-1967",5
"Alfred Vance Churchill papers regarding Lyonel Feininger, 1888-1944",5
"A century of the nude in American art : 1750-1850 : typescript, by Eleanore McSherry Fowble, 1967 June /",5
"Fine Arts Museums of San Francisco interviews with artists, 1982",5
"Charles R. Lamb scrapbook on the Dewey Arch, 1899-1901",5
"Virginia Teague papers relating to the Armory Show, 1913-1962, bulk 1913-1917",5
"Correspondence and printed material relating to National Art Week, 1940-1941",5
"Alton S. Tobey papers, 1939-1980",5
"George Catlin collection from the Thomas Gilcrease Institute of American History and Art, 1840-1860",5
"George Benjamin Luks papers, 1902-1961",5
"Selected art related letters from Historical Society of Pennsylvania's Society Collection, 1760-1935",5
"Forrest Bess photographs and slides, circa 1981",5
"William Schack papers, 1891-1963",5
"R. L. Ormond material relating to John Singer Sargent, 1851-1979",5
"Colette Roberts Papers and Interviews with Artists, 1918-1971",5
"W. H. Willson scrapbooks, 1945-1981",5
"Peggy Bacon papers, 1893-1973, bulk 1900-1936",5
"Bernard Zakheim papers, ca. 1930-1977",5
"Richard Artschwager papers, 1959-2013",5
"Photographs and slides of art work handled by the Berman/Daferner gallery, ca. 1950-1960",5
"Unser Kent / by W. P. ; with a portrait of the author by Rockwell Kent, 1930",5
"Armory Show (International Exhibition of Modern Art) memorabilia, 1913",5
"Eugene Berman papers, 1926-1975",5
"Photographs of David Smith, circa 1945-1995",5
"Sargent Johnson photographs of sculpture, circa 1937",5
"John McLaughlin papers, 1922-1979, bulk 1936-1976",5
"Gertrude Vanderbilt Whitney papers, 1851-1975, bulk 1888-1942",5
"Wadsworth Atheneum scrapbooks, 1899-1963",5
"Larry Aldrich papers, 1949-1973",5
"David Stuart papers and gallery records, 1910-1984",4
"Ivan C. Karp papers and OK Harris Works of Art gallery records, 1960-2014",4
"Emily Hall Tremaine papers, circa 1890-2004",4
"Biesel family papers, circa 1859-1983",4
"Adelheid Lange Roosevelt papers, 1955-1959",4
"What is Feminist Art? questionnaire responses, 2019",4
"George Catlin manuscripts and drawings, circa 1893",4
"Alma de Bretteville Spreckels papers, 1920-1978",4
"American Academy of Arts and Letters records, 1864-1942",4
"History of the Dallas Print and Drawing Collectors Society / by Violet Hayden Dowell, undated",4
"Robert Chapman Turner papers, circa 1917-2005",4
"Philip Leslie Hale papers, 1818-1962, bulk 1877-1939",4
"Avis Berman research material on art and artists, 1976-2007",4
"Avis Berman research material on Katharine Kuh, 1939-2006",4
"Cosmopolitan art journal, 1856-1861",4
"Guy Pène Du Bois papers, circa 1900-1963, bulk 1920-1963",4
"Federal Art Project records of Adele Clark, 1931-1963",4
"Robert Sperry papers, 1951-2002",4
"Eva Hesse papers, 1914-1970, bulk 1960-1970 dates",4
"Howard Russell Butler papers, 1874-1936",4
"Marsden Hartley papers, 1900-1967",4
"H.C.(Horace Clifford) Westermann papers, ca. 1925-1982",4
"Alma Thomas papers, circa 1894-2001",4
"Robert C. Graham collection of artists' letters, 1783-1935, bulk 1804-1877",4
"Bruce Conner papers, 1956-1975",4
"Alfred J. Frueh papers, circa 1880-2010",4
"Interviews of artists and architects associated with the National Academy of Design, 1926-1927",4
"Suzanne Mullett Smith papers, 1913-1992",4
"Paul Cummings papers, 1967-1993",4
"Albert Duveen art reference files, ca. 1831-1950",4
"Federal Writers' Project records relating to art in New Mexico, 1936-1938",4
"Harper's Magazine Autograph Letter collection, 1851-1895",4
"California art research / Gene Hailey, editor, 1936-1937",4
"William Innes Homer papers, 1938-1980",4
"Thomas Eakins letters, 1866-1934",4
"Nelson and Henry C. White research material, circa 1851-1961",4
"Perls Galleries records, 1937-1997",4
"Selected items from the Print Division of the New York Public Library, 1800-1954",4
"Federal Art Project, Photographic Division collection, circa 1920-1965, bulk 1935-1942",4
"Archives of American Art sound recordings, 1957-2007",4
"Charles J. Connick papers, 1901-1949",4
"Sara de Prix Wyman Whitman papers, 1889-1893",4
"Cole's notes in Dunlap's History of the rise and progress of the arts of design in the United States, 1834",4
"Norman Lewis papers, 1919-1971",4
"Chapellier Galleries collection of artists' papers, 1816-1972",4
"Katherine Schmidt papers, circa 1921-1971",4
"Thomas Benedict Clarke scrapbooks, 1880-1936, bulk 1883-1920",4
"American Water Color Society illustrated catalogue of the twentieth annual exhibition : including the exhibition of the N.Y. Etching Club held at the galleries of the National Academy of Design, 1887",4
"Alfred Hamilton Barr papers, circa 1915-1983",4
"Norman Barr papers, 1941-1975",4
"James McNeill Whistler collection, 1863-1906, circa 1940",4
"Nanae Momiyama papers, 1928-circa 2000, bulk 1948-2000",4
"Louisiana Purchase Exposition, Department of Art records, 1896-1908",4
"Lawrence R. McCoy exhibition catalogs and photograph, 1955-1956",4
"John D. Morse papers, 1951-1960",4
"American Museum of Natural History, Dept. of Anthropology correspondence with Barnett Newman and Betty Parsons, 1944-1946",4
"Oral history interviews with Sam Green, 2007-2009",4
"Guy Pène du Bois and Mary Lightfoot Tarleton Knollenberg correspondence, circa 1928-1931",4
"Eleanor Arnold Clark papers, 1937-1978",4
"Noah Purifoy papers, 1935-1998, bulk 1971-1998",4
"Morgan Russell sketches and notes, circa 1912-1920",4
"Burgoyne Diller collection of printed material, 1932-1961",4
"Museum of Craft and Folk Art records, 1970-2012",4
"Fred Ellis papers, ca.1920-1970",4
"Chester Dale papers, circa 1883-2003, bulk 1920-1970",4
"Don Seiler papers, circa 1930-2020",4
"William Henry Rinehart papers, 1861-1875",4
"Allan Frumkin Gallery records, 1880, 1944-2016",4
"Francis Davis Millet and Millet family papers, 1858-1984, bulk 1858-1955",4
"Louis McClellan Potter papers, 1893-1917",4
"The Collector and art critic, v.1-3; Apr. 15",4
"Maynard Dixon papers, 1891-1974",4
"Gorham Manufacturing Company, Bronze Division records, ca. 1905-1978",4
"Leon Golub papers, 1930s-2009",4
"National Academy of Design letterbook, 1891-1916",4
"Allen Memorial Art Museum records, 1916-1967",4
"Grant Wood papers, 1930-1983",4
"Lizzie P. Bliss scrapbook and papers, 1927-1979 and undated",4
"Kootz Gallery records, 1923-1966",4
"Kenneth Callahan papers, 1932-1963",4
"Midwest Women's Artist Conference photographs, 1975",4
"Thomas Waterman Wood papers and art gallery records, 1845-1979",4
"Research material on Martha Jackson, 1953-1984",4
"Alice Trumbull Mason papers, 1921-1977",4
"John Henry Bradley Storrs scrapbook and studio book, 1909-1972, bulk 1909-1938 dates",4
"Maynard Walker Gallery records, 1923-1975",4
"Louis Bouché papers, 1880-2007",4
"Frederick William MacMonnies papers, 1874-1997",4
"Ward Lockwood papers, 1913-1963",4
"Brenda Kuhn notes relating to Walt Kuhn, 1974-1985",4
"Ladies' Art Association records, 1867-1914",4
"Boston Art Commission records, 1890-1959",4
"Nina Yankowitz papers, circa 1950-2017",4
"Norman Bluhm papers, 1956-1969",4
"Irving Sandler interviews and papers, 1944-2017",4
"Christian Brinton papers, 1874-1967",4
"Selected art related documents from the Woodhouse collection in the Historical Society of Pennsylvania, 1817-1843 and undated",4
"Anne Bowen Parsons collection of interviews on art, 1967-1968",4
"Frank Lloyd Wright textile design studies, ca. 1955",4
"Edward L. Loper papers, 1965-1988",4
"Childe Hassam letters, undated and 1911",4
"Arthur B. Carles letter to Alfred Stieglitz, ca. 1911",4
"Alexander Archipenko papers, 1904-1986, bulk 1930-1964",3
"Interviews of California photographers, 1981 June 18- Nov. 20",3
"WFUV radio interviews relating to art, 1969-1973",3
"Thomas Hart Benton miscellaneous printed material, 1935-1978",3
"Lecture, ""Artists and printmaking: the making of a print"", 1984 February 29 /",3
"Carl Holty papers, circa 1860s-1972, bulk 1940-1967",3
"National Collection of Fine Arts records relating to Alexander Archipenko, 1964-1968",3
"Suzanne Linda Miller papers, circa 1939",3
"Earl Shinn photographic portrait, circa 1865",3
"Thomas Hess papers, 1939-1978",3
"The gallery of illustrious Americans: containing the portraits and biographical sketches of twenty-four of the most eminent citizens of the American republic, since the death of Washington / From daguerrotypes by Brady - engraved by D'Avignon. C. Edwards Lester, editor, 1850",3
"Vernon Smith papers, 1932-1941",3
"Benjamin K. Smith papers relating to O'Brien Galleries, 1912-1941",3
"Gropper Art Gallery records, 1951-1975",3
"White Marble: The Life and Letters of Hiram Powers, Sculptor, 196-?",3
"Maud Cabot Morgan papers, 1938-circa 1994",3
"Robert Garrison papers, 1926-1939",3
"George Seybolt papers relating to the Museum Trustee Association, ca. 1970-1991",3
"Marcel Duchamp Retrospective Exhibition records, 1959-1963",3
"Selected art related photographs from the Philadelphia City Archives, 1875-1930",3
"David Rosen photographs, 1938-1963",3
"Leo Castelli Gallery records, circa 1880-2000, bulk 1957-1999",3
"John Steuart Curry and Curry home graphic / Thomas Tenney, 1941 Aug",3
"Walter Quirt papers, 1928-1976",3
"Jack Tworkov papers, 1926-1993",3
"Waintrob-Budd photographs of American artists, 1953-1980",3
"Records of contributors to American Federation of Arts traveling exhibitions, 1956-1966",3
"Text of comments by participants in The Modern Artist Speaks forum, 1948 May 5",3
"Horace Talmage Day papers, 1929-1965",3
"Hugo Robus papers, 1898-1967",3
"Donald E. Shaw papers, 1969-1980",3
"Christian Brinton scrapbooks, 1899-1925",3
"ARCO Center for Visual Art records, 1976-1984",3
"Kenneth Hayes Miller papers, 1906-1951",3
"Ankrum Gallery records, circa 1900-circa 1990s, bulk 1960-1990",3
"Charmion von Wiegand papers, 1926-1937",3
"Romaine Brooks papers, 1910-2020, bulk 1910-1973",3
"The life, work, and significance of George Loring Brown : American landscape painter / by Thomas Whittlesey Leavitt, undated",3
"Woman's Building records, 1970-1992",3
"Harry M. Callahan papers, 1943-1975",3
"Photographs of sculpture by Joseph Anthony McDonnell, ca. 1964",3
"Covo de Iongh Gallery scrapbook, 1975-1978",3
"Washington Allston : from the original painting by Chappel in the possession of the publishers graphic/ Alonzo Chappel, 1862",3
"Memorial Art Gallery exhibition catalogs, 1913-1962",3
"Alice Barber Stephens papers, 1884-1986",3
"Artists' biographical data and clippings, 1939-1958",3
"Jacob Kainen papers, 1905-2009, bulk 1940-2001",3
"Midtown Galleries records, 1904-1997",3
"George Tsutakawa papers, 1963-1991",3
"Albert Kresch papers, circa 1940- circa 2000",3
"T. W. Wood Art Gallery records, 1937",3
"Edmund C. Tarbell papers, circa 1845-circa 2000, bulk 1885-1938",3
"Milton Avery papers, 1926-1982, bulk 1950-1982",3
"Frank K. M. Rehn Galleries records, 1858-1969, bulk 1919-1968",3
"Lee Gatch papers, 1925-1979",3
"William C. Seitz papers, circa 1930-1995",3
"Printed material relating to Guggenheim Jeune and Art of this Century galleries, 1938-1956",3
"Art outlook, 1943-1949",3
"Selected Federal Art Project of the Work Projects Administration records from the United States National Archives (microfilm), 1935-1948",3
"Blanche Mary Aronson photographs of works of art, 1934-1938",3
"Lee Mullican papers, 1947-1991",3
"Public Works of Art Project and Treasury Section bulletins, 1934-1941",3
"Ellen G. Miles material related to Women in the Arts, 1975-1976",3
"Ruth E. Frisbie papers, 1946-1963",3
"Checklists of Yasuo Kuniyoshi prints, ca. 1960-1963",3
"theARTgallery Magazine records, 1957-1983",3
"Research material on the WPA Illinois Art Project, 1930-1988",3
"Fred Martin papers, circa 1949-2022",3
"Vaclav Vytlacil papers, 1885-1990",3
"Emily Genauer papers, circa 1920-1990",3
"Charles E. Burchfield letter and exhibition catalog, 1941 and undated",3
"Beatrice Wood papers, 1894-1998, bulk 1930-1990",3
"Charles Biederman papers, 1930-1977",3
"Matt Mullican papers, circa 1968-2017",3
"Bolton Coit Brown papers (microfilm), circa 1907-1933",3
"Margo Feiden Galleries printed material relating to Al Hirschfeld, ca. 1935-1983",3
"Dox Thrash autobiography, circa 1960",3
"Aaron Douglas papers, 1921-1973",3
"John Quincy Adams Ward papers in the New York Historical Society, 1857-1915",3
"Robert Reed papers, 1944-circa 2014",3
"Marilyn Henrion papers, 1989-2020",3
"Miscellaneous collections from the New York Public Library Manuscript Divison, 1800-1950",3
"Olin Levi Warner papers, 1857-1962, bulk 1857-1899",3
"Elizabeth Olds papers, circa 1900-1976",3
"Photographs of Willem de Kooning, ca. 1955",3
"Alvin Lustig papers, 1935-1955",3
"David Park papers, 1917-1973",3
"Martin Johnson Heade collection, undated and 1864",3
"Jacob Lawrence and Gwendolyn Knight papers, 1816, 1914-2008, bulk 1973-2001",3
"Charles Henry Alston papers, 1924-1980",3
"Dana Friis-Hansen papers on Forrest Bess, 1950-1983",3
"Carl Paul Jennewein papers, 1910-1977",3
"R. Swain Gifford papers, 1860-1965",3
"Sanford Robinson Gifford papers, 1840s-1900, circa 1960s-1970s",3
"Alice Kellogg Tyler papers, 1875-circa 1990",3
"Willard L. Metcalf manuscript, 1882-1883",3
"John Vanderlyn papers, ca. 1796-1890",3
"Marsden Hartley in Maine ; illustrated manuscript, 1945",3
"Louis M. Eilshemius holograph manuscript and drawing, ca. 1930s",3
"Harold Weston papers, 1894-1978, bulk 1912-1972",3
"John Weatherwax papers relating to Frida Kahlo and Diego Rivera, 1928-1988, bulk 1931-1933",3
"Frank Perls papers and Frank Perls Gallery records, circa 1920-1983, bulk 1949-1975",3
"Meyer Schapiro papers, 1949-1982",3
"William Graham and Graham Gallery papers, 1969-1984",3
"Scrapbook of clippings relating to art of New Orleans, La, 1926-1928",3
"Charles H. Gifford papers, 1870-1935",3
"Cleveland Institute of Art records, 1882-1978",3
"Louis Siegriest papers, 1927-1981",3
"A. Hyatt Mayor papers, 1815-1980",3
"William and Ethel Baziotes papers, circa 1900-1992, bulk 1935-1980",3
"Thomas Hayes photographs, ca. 1935-1945",3
"C. J. (Clarence Joseph) Bulliet papers, circa 1888-1959",3
"Chase Viele papers, 1957-1961",3
"William Kent papers, 1919-2012",3
"Joseph J. Greenberg papers, 1939-1989",3
"Dorothy and Leo Rabkin papers, 1940-1979",3
"Private art collection of Thomas B. Clarke, 1872-1879, undated",3
"Photographs of Works of Art - Collection Two, undated",3
"Paris Exposition Universelle photographs, 1900",3
"Photographs of women artists, 1931-1940",3
"Frederick Carl Frieseke papers, 1982, 1996, circa 1870s-1943",3
"Marguerite Wildenhain exhibition records, 1977-1981",3
"Hans Namuth photographs and papers, 1945-1985",3
"Elie Nadelman papers, ca. 1920",3
"Helen Gerardia papers, circa 1945-1988",3
"American art auction catalog collection, 1785-1962",3
"Mary Fuller McChesney papers, 1949-2011, 1949-2011",3
"Biro-Bidjan : exhibition of works of art presented by American artists to the state museum of Biro-Bidjan, 1936",3
"Printed material on California artists, 1936-1963",3
"Photographs of artists taken by Kay Bell Reynal, 1952",3
"Wallace Berman papers, 1907-1979, bulk 1955-1979",3
"Elmer Bischoff papers, 1914-1990",3
"Edward Beatty Rowan papers, 1929-1946",3
"Charles W. Dahlgreen papers, 1886-1957",3
"Chaim Gross papers, 1920-2004",3
"Gertrude Abercrombie papers, circa 1880-1986, bulk 1935-1977",3
"Alexandre Hogue papers, 1929-1992",3
"Irene Rice Pereira papers, 1965",3
"Evelyn Borchard Metzger papers, 1959-1968",3
"American Watercolor Society records, 1867-1977, bulk 1950-1970",3
"William Gropper papers, 1916-1983",3
"Abram Lerner papers, circa 1930-2006",3
"Marcel Breuer papers, 1920-1986",3
"Winslow Ames papers, 1787-1989, bulk 1960-1979",3
"Frederick Garrison Hall papers, 1862-1972",3
"Cincinnati Art Museum records, 1882-1929",3
"Interview with Nancy Crow, 1988 Aug. 17",3
"Ellen Hale and Hale Family papers, circa 1860-1952",3
"Aldro T. Hibbard papers, 1914-1971",3
"Municipal Art Society of Baltimore records, 1899-1963",3
"F. Edwin Church papers, circa 1882-2012",3
"Elizabeth Hamm Glass papers, 1945-1970",3
"Robert Blum illustrated letters, between 1875 and 1900?",3
"Photographs of Willem de Kooning, undated",3
"Robert Smithson letters to George B. Lester microfilm, 1960-1963",3
"Lil Picard papers, circa 1940-1972",2
"John Sennhauser papers, 1931-1990",2
"Sylvester Rosa Koehler papers, 1833-1904, bulk 1870-1890",2
"Edward Arcenio Chavez papers, 1917-1982, bulk 1941-1973",2
"John Levy Galleries scrapbook, 1920-1938",2
"Jessie Willcox Smith papers, 1901-1931",2
"Isabel Bishop papers, 1914-1983",2
"August Mosca papers, 1930-1969",2
"Jack Levine papers, 1923-1999",2
"Bernard Karfiol papers, 1904-1958",2
"Ethel Magafan photograph and printed material, 1950-1982",2
"H. Francis Kortheuer collection of Lyonel Feininger letters, sketches, and clippings, 1887-1944",2
"Yasushi Tanaka letters to Frederic C. Torrey, 1963, 1913-1924",2
"Marion Netter materials relating to Joseph Cornell, 1964-1968",2
"Henry Bacon papers, 1849-1931",2
"William Anderson Coffin papers, 1886-1924",2
"Josef Albers papers, 1929-1970",2
"Sylvia Sleigh papers, 1961-1983",2
"Lilla Cabot Perry and Perry family papers microfilm, 1861-ca. 1943",2
"Photographs of Waldo Peirce, ca. 1946-1961",2
"Lily Shore papers, 1939-1976",2
"Max Cole papers, 1949-2021",2
"Timothy Cole papers, 1883-1936",2
"Radio interview with Isamu Noguchi, 1968 Apr. 22",2
"Thomas Ridgeway Gould photographs, circa 1840-circa 1850",2
"Asher Brown Durand papers, 1812-1883",2
"Lilly Martin Spencer papers, 1828-1966",2
"Otto and Vivika Heino papers, 1895-2000, bulk 1940s-2000",2
"Howard Finster interview and recordings, 1981-1982",2
"Wolff Gallery records, 1981-1993",2
"Richard Tuttle papers, circa 1935-2019",2
"Walter Copeland Bryant scrapbook, 1907-1941",2
"Samuel T. Shaw papers, 1889-1946",2
"Anton Refregier papers, circa 1900-circa 1990",2
"Thomas Cole letters, undated and 1840-1842",2
"Richard Guggenheimer papers, 1916-1975",2
"Maurice Brazil and Charles Prendergast sketchbooks, ca. 1887-1940",2
"Agnes Pelton papers, 1885-1989",2
"Rudolph Schaeffer papers, 1880s-1997",2
"Marie Sterner and Marie Sterner Gallery papers, circa 1910-1951",2
"Arthur N. Christie papers, 1940-1978",2
"Werner Drewes papers, 1838-2015, bulk 1890-1990",2
"John W. Kitchell papers, 1895-1911",2
"Dorothy Edinger scrapbook, circa 1900-1965",2
"April Kingsley and Budd Hopkins papers, circa 1945-2017",2
"Albert Pinkham Ryder collection, 1869-1927",2
"Geoffrey Theodore Hellman papers relating to Albert Eugene Gallatin's Museum of Living Art, 1934-1952",2
"Marian Simpson clippings and photographs, 1934-1958",2
"Brooklyn Art Association records, 1861-1875",2
"Albert Gallatin papers, 1950-1964",2
"Center for International Contemporary Arts records, 1986-1993",2
"Audrey McMahon papers, 1935-1980",2
"Louis Guglielmi papers, 1934-1959",2
"Jane Freeman papers, 1904-1963",2
"Thomas B. Brumbaugh research material on Abbott Handerson Thayer and other artists, 1876-1994, bulk 1960-1994",2
"Jacqueline Moss papers relating to painter Gertrude Greene, 1980-1981",2
"Arthur B. Carles papers, 1912-1983",2
"Raymond Jonson papers, 1910-1964",2
"Dorothy Zeidman photographs of works of art and exhibitions, 1982-2003",2
"Roy De Forest papers, 1916-2015, bulk 1948-2007",2
"Sam Maloof papers, 1954-2003",2
"Alexander Brook papers, 1900-1982",2
"Philip Pearlstein papers, circa 1940-2008",2
"Hallie Flanagan papers from the Federal Theater Project, 1935-1939",2
"Hirschl & Adler Galleries photographs of works of art and records, circa 1921-1990",2
"James Brooks and Charlotte Park papers, 1909-2010, bulk 1930-2010",2
"Edward Brooks de Celle papers relating to Scott Burton, 1980-1982",2
"William Karp photographs, ca.1937-1938",2
"Rosalind Bengelsdorf Browne papers, 1910s-1980",2
"Negus family papers, 1808-1844",2
"Lilian Swann Saarinen papers, circa 1909-1977",2
"Maurice Becker papers, circa 1908-1976",2
"The WPA Federal art project : its contribution to the American people / by Fanny Bowles Vanderkooi, 1940 May",2
"Tom L. Freudenheim papers, circa 1970-1990",2
"Harrison McIntosh papers, 1954-2003",2
"Weir family papers, 1809-circa 1961, bulk 1830-1920",2
"Shirley Gorelick papers, 1939-2008, 2016, bulk 1939-1980s",2
"Louis Bunce papers, 1890s-1983",2
"Jennings Tofel papers, 1916-1960",2
"Aline and Eero Saarinen papers, 1906-1977",2
"Massachusetts College of Art records, 1873-1972",2
"American University Fine Arts Department records, 1946-1980",2
"Edwin Coupland Shaw papers, 1864-1937",2
"Clifford W. Ashley papers, 1903-1964",2
"Charles Hoffbauer papers, 1891-1975",2
"James Carroll Beckwith diary (in the New York Historical Society), 1895",2
"Bartlett H. Hayes papers, 1936-1975",2
"Berenice Abbott Photographs relating to Changing New York, 1936-1960s",2
"Mary Andersen Clark papers, ca.1933-1988",2
"Los Angeles Art Association records, 1922-1990",2
"Detroit Institute of Arts records, 1882-1979",2
"Robert Jay Wolff papers, 1926-1969",2
"Julie Russel papers, 1892-1912",2
"Florence M. Barnes letter and printed material, 1954-1960",2
"Emmy Lou Packard Papers, 1900-1990",2
"Clyde H. Burroughs letters and photographs from artists, 1915-1937",2
"Michel Oren interviews with artists, 1979-1991",2
"Peter Hurd and Henriette Wyeth Hurd papers, 1917-1993",2
"Arnold Newman photographs of artists, 1940-1961",2
"Charlotte Whinston papers, 1945-1975",2
"Dorothy Bridaham scrapbooks, 1938-1964",2
"James Henry Moser papers, 1868-1968",2
"William E. Phelps papers, 1939-1979",2
"The sculpture of Hiram Powers / by Paul B. Metzler, undated",2
"Carnegie Institute, Museum of Art records, 1883-1962, bulk 1885-1962",2
"Albert Eugene Kahn papers, 1948-1970",2
"Harold C. Dunbar papers, 1906-1911",2
"National Academy Museum and School of Fine Arts oral histories of artists, 2002-2003",2
"Martin Johnson Heade letter to Frederic Edwin Church, 1868",2
"Elaine de Kooning papers, circa 1959-2013",2
"Walter Gay papers, 1870-1937, 1980",2
"James Carroll Beckwith papers, 1871-circa 1991, bulk 1875-1917",2
"Stone and Press Gallery records, 1921-2022",2
"Photographs of works of art by George Inness compiled by Julia G. Smith, circa 1926-1929",2
"University of Delaware photographs of artists, 1975",2
"Public Information scrapbooks, 1929-1975",2
"Cecilia Beaux photographs and newsclippings, circa 1890-1912",2
"Ben Shahn interview, 1965 Jan. 17",2
"Clare Ferriter papers, 1930-1978",2
"Milton Resnick papers, 1955-1979",2
"Interviews with Franklin W. Robinson, 1992 Jan. 28 - Feb 26",2
"College Art Association of America slides, 1971-1974",2
"Carlen Galleries, Inc., records, 1775-1997, bulk 1940-1986",2
"Lyonel Feininger letter, 1939 Apr. 3",2
"Abril Lamarque papers, 1883-2013, bulk 1904-1999",2
"Richard Stankiewicz papers, 1948-1984",2
"Minutes of the New-York gallery of the fine arts records, 1844-1858",2
"Rudy Burckhardt papers, 1934-2015",2
"Printed material relating to Rembrandt Peale, 1830-1862",2
"Interview with Rockwell Kent, 1957 Sept. 12",2
"Institute of Contemporary Art (Boston) records, 1936-1971",2
"Committee for the Simon Rodia Towers in Watts records, 1953-1989",2
"Roland Reiss papers, circa 1960-2012",2
"Ellen Lanyon papers, circa 1880-2015, bulk 1926-2013",2
"Minerva Kohlhepp Teichert letters, 1915-1926",2
"Discussion with Willem de Kooning, Frederick Kiesler, and others, ca. 1962",2
"Joseph Emile Renier papers, 1914-1967",2
"Adolph A. Weinman papers, 1890-1959",2
"Julius Bloch papers, 1918-1966",2
"Treasury Department Art Projects : painting and sculpture for federal buildings, November seventeen to December thirteen, nineteen hundred thirty-six, Corcoran Gallery of Art / introduction by Forbes Watson, 1936",2
"Pyramid Group scrapbook, 1947-1954",2
"Walter and Louise Arensberg papers, 1912-1982, bulk 1917-1982",2
"Robert Henri papers, 1870-1954",2
"Albert Bierstadt letter collection, 1860-1900",2
"Gordon Hendricks research files on American artists, 1950-1977",2
"William Horace Littlefield letters and photographs to Paul Cummings, 1951-1969",2
"Henry-Russell Hitchcock papers, 1919-1987",2
"Cal Kowal photographs of artists, 1972-1984",2
"Raphael Soyer papers, 1933-1989",2
"Allyn Cox papers, 1856-1982",2
"Bruce Nauman letters to Frank Paraday, 1981",2
"Florence Arquin papers, 1923-1985",2
"Letter from Homer Saint-Gaudens and clippings, ca. 1881-1913.",2
"William Nelson Copley papers, 1948-1967",2
"Paul Vanderbilt papers, 1854-1992, bulk 1945-1992",2
"Roy Emerson Stryker papers microfilm, 1932-1964",2
"Emerson Crosby Kelly research material relating to J. Francis Murphy, 1761-1973",2
"Allyn Cox papers relating to U.S. Capitol murals, 1970-1974",2
"The Identification of the artisan and artist : the proper object of American education / illustrated by a lecture of Cardinal Wiseman ; with an essay on Froebel's reform of primary education by Elizabeth P. Peabody, 1869",2
"Abram Lerner letter to Garnett McCoy, 1988 Oct. 21",2
"Nat Werner papers, 1930s-1980s",2
"George Russell Shaw papers, 1877-1975",2
"Planning and operation of neighborhood museums, Nov. 20-22, 1969 / sponsored by The New York State Council on the Arts and the Dept. of Cultural Affairs, undated",2
"Frederick Arthur Bridgman papers, 1869-1929",2
"Jay DeFeo papers, circa 1940s-1979",2
"Museum of Fine Arts, Boston records, 1870-1973",2
"Joseph R. Woodwell letters, 1862-1868",2
"Herman Baron papers, 1937-1967",2
"Byron Thomas papers, 1904-1978",2
"Nancy Hale research material on Mary Cassatt, 1970-1975",2
"Edwin G. Cassedy works of art, circa 1938-1959",2
"Laurence M. Porter papers relating to Fairfield Porter, circa 1955-2004",2
"Joe Shannon papers, circa 1980-2005",2
"Albert and George B. Flint sketches, ca. 1875-1900",2
"Katherine Crum papers regarding Nicholas Wilder and the Nicholas Wilder Gallery, circa 1964-2005",2
"Jeanne Reynal papers, 1942-1968",2
"Louisa Dresser manuscript on 17th century painting in New England, 1934-1935",2
"American Academy in Rome records, 1855-2012",2
"Harold and May Tabak Rosenberg papers, circa 1880-1985, bulk 1940s-1970s",2
"John C. Stoller & Co. photographs and printed matter, ca. 1970-1984",2
"Buffie Johnson papers, circa 1920-2010",2
"Dale Chihuly Christmas card to the Archives of American Art, 1986",2
"C. Howard Walker papers, 1877-1936",2
"Alice Brown Chittenden papers, 1860-1974",2
"Juan Sánchez papers, circa 1972-2010",2
"Dwight Blaney papers, circa 1883-1944, circa 1993, bulk circa 1883-1920s",2
"Transcript of interview with Katharine Kuh, 1993 Jan. 26-27",2
"Blanche Lazzell papers, 1893-1986, bulk 1901-1940",2
"Hilda and Martha Wood Belcher photographs, circa 1865-1940",2
"Mail art to Catherine Mehrl Bennett, 2018",2
"Charles Green Shaw papers, 1833-1979, 1686, bulk 1909-1974",2
"John D. Graham papers, 1799-1988, bulk 1890-1961",2
"Doll & Richards gallery records, 1863-1978, bulk 1902-1969",2
"Lloyd Goodrich papers, 1884-1987, bulk 1927-1987",2
"Thomas Seir Cummings papers, circa 1824-1983, bulk circa 1824-1894",2
"Dorothy Stewart papers, 1930-1957",2
"Dorothy Dehner papers, 1920-1987, bulk 1951-1987",2
"Brooklyn Museum interviews of artists, 1965-1968",2
"Dorothy C. Miller papers, 1853-2013, bulk 1920-1996",2
"Richard F. Brown papers, 1949-1959",2
"Mary Fanton Roberts papers, 1880-1956",2
"Hudson D. Walker papers, 1920-1982",2
"Albert Duveen collection of artists' letters and ephemera, 1807-1946",2
"Poindexter Gallery records, 1931-1985, bulk 1955-1978",2
"Dilexi Gallery records, 1959-1969",2
"Lawrence Calcagno papers, 1934-1980",2
"Jesse Amado papers, circa 1970-2016",2
"Elise Asher papers, 1923-1994",2
"Isabella Stewart Gardner papers, 1760-1956",2
"Katharine Rhoades photographs and letter, 1940-circa 1950",2
"Rudolph Weisenborn papers, 1919-1977",2
"Art Front, 1934-1937",2
"Carlos Almaraz and Elsa Flores papers, 1946-1996",2
"Robert Reid papers, circa 1880-circa 1930",2
"Charles Stanley Reinhart drawings, ca. 1867-1879",2
"From reliable sources : videorecording : the Archives of American Art / director, Robert Pierce, 1985",2
"Conrad Marca-Relli letter, 1963 Aug 22",2
"Ferargil Galleries records, circa 1900-1963",2
"Photographs and letters relating to Mark Tobey murals, circa 1933-1988",2
"The New hope : a record of the contemporary American arts, undated",2
"Mabel Alvarez papers, 1898-1987",2
"Selected art related documents from the Ferdinand Julius Dreer Collection, ca. 1770-1910",2
"Consuelo Jimenez Underwood papers, 1970-2019",2
"Ellen Hulda Johnson papers, 1872-2018, bulk 1921-1992",2
"Anthony Angarola papers, circa 1910-1988, bulk 1920-1929",2
"Bernard J. Reis papers, circa 1913-1983",2
"Abstract art around the world today, 1954 Mar. 16",2
"School of the Museum of Fine Arts, Boston records, 1876-1962",2
"Leah Gordon research material on artists, 1964-1976",2
"Painting, 1955 graphic/ Ad Reinhardt, undated",2
"Eyre de Lanux papers, 1865-1995",2
"Dorothy Woodward Collection of printed materials on Southwestern artists, 1950-1957",2
"Alice Baber papers, 1934-1983",2
"Charles W. White papers, 1933-1987, bulk 1960s-1970s",2
"Louis Schanker papers, circa 1920-2020",2
"Esther Baldwin Williams and Esther Williams papers, 1887-1984",2
"Donald S. Graham papers relating to Walt Kuhn, 1955-1991",2
"Esteban Vicente papers, 1951-1972",2
"Bardene Allen papers, circa 1965-2014",2
"Records relating to the Lenoir M. Josey Collection of Paintings and Sculpture, 1957-1982",2
"Tanager Gallery records, 1952-1979",2
"Hans Hofmann papers, circa 1904-2011",2
"Stanford White papers, 1873-1920",2
"Lily Emmet Cushing papers, 1929-1972",2
"Stendahl Art Galleries records, 1907-1971",2
"Interview with Kenneth Callahan, 1965",2
"Mark Tobey papers, ca. 1920-1977",2
"Photographs of artists taken by Mimi Jacobs, photographer, 1971-1981",2
"Photographs of Mark Tobey, 1971-1972",2
"Elizabeth S. Navas papers, 1939-1963",2
"Frederick J. Whiteman papers, ca. 1939-1989",2
"Alexander Phimister Proctor printed material and photographs, 1908-1949",2
"Burt Barnes papers, 1909-1977",2
"Sculpture Center records, 1923-1979",2
"Edna Boies scrapbook of teaching notes, 1902-1903",2
"Public Works of Art Project selected administrative and business records, 1933-1936",2
"Thomas Wilmer Dewing and Dewing family papers, 1876-1963, bulk 1890-1930",2
"Isabella Stewart Gardner Museum records, 1881-1964",2
"Eliza Haldeman correspondence, ca. 1860-1868",2
"Photograph of Frank Duveneck, circa 1918",2
"Alice Graeme Korff papers, ca.1938-1941",2
"Joseph L. Curran papers relating to Harriet Goodhue Hosmer, 1845-1975",2
"Mel Alexenberg papers, circa 1950-1980",2
"Robert Blum letters to Alexander Drake, 1879-1890",2
"Gifford Beal sketches, sketchbooks, and papers, 1889-2001, bulk 1900-1954",2
"Douglas Volk letter and photograph, 1917-1929",2
"Interview with Rudy Autio, 1982 Aug. 3-1982 Aug. 8",2
"Brooklyn Museum records, 1823-1963",2
"Antonio Barone scrapbook, 1906-ca. 1940s",2
"Otto Bacher papers, 1873-1938",2
"Carl Hirschberg papers, 1871-1951",2
"Peabody Gallery of Art records, 1860-1972 and undated",2
"Francis William Edmonds diaries, 1840-1855",1
"John La Farge and La Farge family papers, 1850-1972",1
"David Hare papers, 1944-1969",1
"Anthony de Francisci papers, 1904-1965",1
"Adelyne Dohme Breeskin papers, circa 1934-1986",1
"Nicholas Carone scrapbook pages, 1951-1961",1
"Park Place, The Gallery of Art Research, Inc. records and Paula Cooper Gallery records, circa 1961-2018",1
"Tamarind Lithography Workshop records, 1954-1984",1
"Chaloner Prize Foundation records, 1915-1974",1
"Joan Mitchell correspondence with Sue Ann Kendall, 1987",1
"Thomas Sully letters, 1827 and undated",1
"Charles W. and Frances White letters and photographs to Melvin and Lorraine Williamson, 1956-1961",1
"Sculpture by Women exhibition records, 1910",1
"Enrique Chagoya papers, 1990-1999",1
"Martha S. Iredell scrapbooks, 1934-1953",1
"Robert Bruce Inverarity papers, circa 1840s-1997",1
"Catha Grace Rambusch collection of papers on architecture, 1921-1975",1
"Alfred James Tulk papers, 1923-1986",1
"Charles Scribner's Sons Art Reference Department records, 1839-1962",1
"William Lester papers, 1930-1980",1
"Swetzoff Gallery Records, 1941-1968",1
"Ellen Fulton papers, ca. 1950",1
"Lecture given by Robert Motherwell, 1973 Apr. 18",1
"Thomas Sully letters, 1831-1870",1
"Photographs of artists by Fred McDarrah, 1963-1976",1
"James Earle and Laura Gardin Fraser papers, circa 1895-circa 1960",1
"Joseph Lindon Smith papers, 1647-1965, bulk 1873-1965",1
"William Franklin Jackson biographical account and photographs, undated",1
"Edward Bruce papers, 1902-1960, bulk 1932-1942",1
"Two letters from Helen Richardson relating to Joseph Stella, 1957-1968",1
"Moses Soyer papers, circa 1905-1974",1
"Maryette Charlton papers, circa 1890-2013",1
"Elizabeth Spalding lecture, 1944 Nov. 21",1
"Charles E. Feinberg collection of artists letters, 1800-1930",1
"Patty Baker photographs, undated",1
"Belle M. Deitch papers relating to Beatrice Wood, 1940-1997, bulk 1983-1997",1
"Walter Maitland correspondence with and about William Kienbusch, 1969-1981",1
"Robert O. Preusser papers, 1930-1990",1
"Charles Ramsburg papers, 1959-2020",1
"Paul King papers, 1871-1977",1
"Konrad and Florence Ballin Cramer papers, 1897-1968",1
"William Kienbusch papers, 1915-2006, bulk 1936-1980",1
"Paul Allen Reed papers, 1936-2008",1
"William Penhallow Henderson papers, 1876-1987, bulk 1876-1943",1
"Selected art related letters from the James Buchanan papers, 1837-1867",1
"Morris Blackburn papers, 1926-1986",1
"Eagle's Nest Art Colony photographs, ca. 1897-1936",1
"History of Savannah Art Association / by Virginia Bowdoin Hoerner, 1978",1
"Frances Foy and Gustaf Dalstrom papers, 1909-1961",1
"Hart family photographs and clipping, 1865-circa 1890s",1
"Photographs of artists donated by the Worcester Art Museum, circa 1880-1900",1
"Carl Schurz Memorial Foundation records, ca. 1954",1
"William Page and Page Family papers, 1815-1947, bulk 1843-1892",1
"Ernest Wadsworth and Harriet Spelman Longfellow sketchbooks, 1867-1903",1
"Photograph of Clifford B. West, circa 1975",1
"Flora de Stephano papers relating to Robert Frederick Blum, 1873-1932",1
"Henry O. Tanner letters to the Pennsylvania Academy of the Fine Arts, 1885-1909",1
"Charles Henry Hart papers, 1774-1930, bulk 1888-1918",1
"Jeanne Herron Richards papers, 1888-1981",1
"Mina Kocherthaler papers relatiing to her art teacher Ralph Fabri, 1942-1978",1
"Alfred Williams Anthony papers, circa1880-1930",1
"W. Herbert Dunton papers, 1896-1960",1
"Detroit Art Loan Association records, 1882-1902",1
"Detroit Artists' Association records, 1886-1899",1
"Lee Hall papers, circa 1870s-2017, bulk 1975-2010",1
"Myron Barlow letters to Lawton S. Parker, 1933",1
"Harold Paris papers, 1946-1982",1
"Joseph Floch papers, circa 1869-1981",1
"Howard Warshaw interview, 1974 Jan. 17-Mar. 28",1
"Elenora S. Chambers papers, 1955-1993",1
"Dorothy Gees Seckler Collection of Sound Recordings Relating to Art and Artists, 1962-1976",1
"Butler Institute of American Art records, 1889-1974",1
"Sidney Geist papers, 1938-1994",1
"Selected art related documents from the Logan family papers, 1734-1810",1
"The paintings of Grant Wood /by Kenneth Paul Goldberg, undated",1
"Barbara Aubin papers, circa 1867-2006, bulk 1940-2014",1
"Nancy Moure research material on artists, 1978-1991",1
"Photographs of Morris Brose and his work, ca. 1950-1970",1
"Irene Rice Pereira papers, 1930-1972",1
"John Marin letter to Louis Kalonyme, 1953 July 7",1
"Photographs of Reuben Kadish, Philip Guston, and others, 1934-1965",1
"Artists Representing Environmental Arts printed material and photographs, 1976-1981",1
"William Morris Hunt letters and photographs, ca.1873-1898",1
"Stephen Stempler papers relating to Arshile Gorky murals, 1977",1
"Stanley Woodward papers, 1875-1970, bulk 1905-1970",1
"Ibram Lassaw papers, 1928-2004",1
"Theodoros Stamos papers, circa 1922-2008",1
"Art in the National Capitol : speech in the Senate of the United States, July 17, 1866, 1866",1
"Material relating to Josephine W. Duveneck, circa 1969-1982",1
"N. C. Wyeth letter, 1945 March 24",1
"John Pickard papers, 1907-1916",1
"Robert A. Weinman papers, 1935-1971",1
"Theodore Bolton papers, 1917-1958",1
"Interview with Donald Judd, 1968 May",1
"DeForrest Hale Judd papers, 1936-1980",1
"Photographs of a meeting of the Chicago Society of Etchers, 1912",1
"Symposium, ""The International style in perspective"", 1980 Apr. 16-17",1
"Charles Keck papers, circa 1905-circa 1954",1
"William Morris Hunt photographs and catalogs, ca. 1878-1880",1
"Richard Kozlow papers, 1926-1974",1
"Frederick Stuart Church letters and art work, circa 1892-circa 1923",1
"William Horace Littlefield papers, 1920-1969",1
"Charles Willson Peale diaries and exhibition announcement, 1765-1826",1
"Florence Millner Arnold papers, circa 1920-1994",1
"The art of Eugene L. Vail / by Louise Gebhard Cann, 1928",1
"Ethel B. Rabin papers, circa 1925-1976",1
"Aaron Siskind papers, 1967-1977",1
"Frank Swift Chase papers, 1907-1965",1
"Stanley Boxer papers, 1968-1981",1
"Saint Botolph Club records, 1879-1974",1
"Drawings by Donald De Lue, undated and 1925-1983",1
"Willard Leroy Metcalf papers, 1876-1925",1
"Rachael Griffin papers, 1900-1983",1
"Christmas cards designed by artist-servicemen, ca. 1942",1
"William Clarke Rice papers, 1893-1928",1
"Sally Kent Gorton papers and records of The Rockwell Kent Legacies, 1971-1985",1
"The rudiments of drawing : collected from the designs of the most approved masters, 175-",1
"King W. Vidor papers, 1936-1982",1
"Edmund Greacen papers, 1897-1972, bulk 1905-1949",1
"Society of American Etchers exhibition list, 1939",1
"Bradley Walker Tomlin papers, 1910-1967",1
"Ilse Martha Bischoff papers, 1893-1981",1
"Stuart Davis papers, 1934-1940",1
"Research material on lithographs produced by the Kellogg lithographic firm, 1974",1
"Charles Rosen papers, 1896-1971",1
"Chester Dale papers relating to George Bellows, 1919-1956",1
"Lyme Historical Society records, undated and 1882-1986",1
"Kathy Vargas papers, circa 1965-2016",1
"Virginia Museum of Fine Arts records, 1919-1981",1
"Whitney Halstead papers, 1920-1982",1
"Irving Blum Gallery and Ferus Gallery announcements, 1961-1972",1
"Florence Koehler papers, 1890-1978",1
"Rockwell Kent letters to Robert T. Hatt, 1935-1936",1
"Robert Henri diary, 1891",1
"Percy Leason papers, circa 1929-2011",1
"International exhibition, 1876 : official catalogue / United States Centennial Commission, Department of Art, 1876",1
"Emilio Sanchez papers, 1922-2012",1
"Frank Mason papers, 1964-1974",1
"W. Alden Brown writings, ca. 1950",1
"Paul Soldner papers, 1965-1983",1
"Melville Price papers, 1944-1978",1
"Joseph Stefanelli photographs, undated",1
"Emma Stebbins scrapbook, 1858-1882",1
"Rembrandt and Harriet Peale collection, circa 1820-1932",1
"John Trumbull papers, 1787-1843",1
"Stanton L. Catlin papers, 1911-1998, bulk 1930-1994",1
"Calvin Burnett papers, 1920-1979, bulk 1960s-1970s",1
"Hotel Baudy guest register, 1887-1899",1
"James M. Beck correspondence with Mantle Fielding, 1931",1
"Louis Prang papers, 1848-1932",1
"Plastic Club records, 1897-1972",1
"Morris Louis and Morris Louis Estate papers, circa 1910s-2007, bulk 1965-2000",1
"Yvonne Thomas papers, 1955-1979",1
"Irma Jaffe interviews, 1965-1977",1
"Illustrations by William Glackens and letter from Ira Glackens, 1938",1
"Milch Gallery records, 1911-1995",1
"Arthur and Jean Goodwin Ames papers, circa 1937-1955",1
"Betty Hoag McGlynn papers, 1934-1965",1
"Accountants' inventory of sculptures in the estate of David Smith, 1973 Oct. 31",1
"Inventory to the Samuel Murray and Thomas Eakins papers at the Hirshhorn Museum and Sculpture Garden, undated",1
"Chauncey Bradley Ives letters, 1838-1883 and undated",1
"Juliette Leff papers, 1965-1979",1
"The Design Laboratory, 1935?",1
"Jules David Prown research material on artists, 1935-2018, bulk 1958-1975",1
"Sylvia Shaw Judson papers, 1911-1975",1
"Josef Presser and Agnes Hart papers, 1913-1980, bulk 1940-1980",1
"Pietro Lazzari papers, 1878-1998",1
"Material relating to Edward Bruce, 1933-1960",1
"Marion Dilmaghani's scrapbook on Alphaeus P. Cole, 1985",1
"Harry Salpeter papers, 1934-1967",1
"August Jaccaci papers, 1889-1935, bulk 1904-1914",1
"The Drawings of Abbott Thayer/ Elizabeth Robins Pennell letter, ca. 1921",1
"Polly Thayer (Starr) papers, 1846-2008, bulk 1921-2008",1
"United States Centennial Commission records, 1876-1879",1
"Photograph of Adolf Dehn and friends, 1928",1
"Harry Sternberg papers, 1927-2000",1
"John Bernard Flannagan papers, 1923-1958",1
"Henry Gardiner research material on Arthur B. Carles, 1904-1970",1
"Hal Glicksman papers relating to California artists, 1936-2010, bulk 1960-1974",1
"Claire Zeisler papers, 1941-1992",1
"Karen Karnes papers, 1953-2016",1
"Society of Washington Artists records, 1897-1967",1
"Jean Crotti papers, 1913-1973, bulk 1913-1961",1
"Marie Harriman Gallery exhibition catalogs and announcements, 1932-1961",1
"Photographs of the UNESCO headquarters, circa 1953-1958",1
"Photographs of Eastman Johnson portraits, 1963",1
"Grace Thomas drawings, undated",1
"Anna Margaretta Archambault selected papers, circa 1880-1946",1
"American Society of Contemporary Artists records, 1917-1985",1
"Papers relating to John Beaufain Irving, ca. 1966",1
"Joellen Bard's, Ruth Fortel's, and Helen Thomas' exhibition records of Tenth Street Days: The Co-ops of the 50s, 1953-1977",1
"Hughie Lee-Smith papers, circa 1890-2007, bulk 1931-1999",1
"Interview with Roy E. Stryker, circa 1960 Jan",1
"Victor Mikhail Arnautoff papers, circa 1920-2017, bulk 1920-1953",1
"21st Century Voices Oral History Project Interviews, 2011-2016",1
"Arthur Dove note to unidentified recipient, 1935?",1
"Cole family miscellaneous print and photograph collection, circa 1820-1920",1
"Norman Kent papers, 1939-1964",1
"John Singleton Copley art original : engraved after a portrait by himself, undated",1
"Edwin Earle art works of Hopi Indians and surroundings, 1935-1936",1
"Helen Frankenthaler and Robert Motherwell material about David Smith, 1953-1965",1
"Judith Schaechter papers, circa 1900s-2019, bulk 1960s-2019",1
"Henri Gallery records, circa early 1900s, 1940-1996, bulk 1957-1995",1
"Mary Cassatt correspondence with Emily Sartain, ca. 1872-1874",1
"Pollock Galleries records, 1958-1979",1
"Photographs of Karl Francis Theodore Bitter and Gustave Gerlach, circa 1892-circa 1915",1
"Pennsylvania Federal Art Project records, 1940-1942",1
"Carolyn Alper papers relating to the Foundry Gallery, 1970-1977",1
"Margaret Redmond papers, ca. 1880-1940",1
"Alexander Z. Kruse papers, 1888-1972",1
"James St. L. O'Toole - Reinhardt Galleries scrapbook, 1936-1952",1
"Philadelphia Society of Etchers records, 1880-1915",1
"Howard Finster papers, 1932-1987",1
"Willem Volkersz interviews, 1975-1985",1
"Exhibition records of the Contemporary Study Wing of the Finch College Museum of Art, 1943-1975, bulk 1964-1975",1
"Thomas B. Clarke letters from or about Homer Dodge Martin, 1893-1897",1
"June Wayne papers, 1945-1981",1
"Louis Schaettle papers, 1899-1916",1
"Thomas Moran papers, 1870-1940",1
"Elsie Driggs papers, 1924-1979",1
"Water Color Club administrative record book, 1887-1916",1
"Percy Ives papers, circa 1890-1994, bulk circa 1890-circa 1930",1
"Modern Art School, 72 Washingon Sq. So., New York City, Summer school at Provincetown Mass. / under the direction of Frederic Burt & M. Musselman-Carr, 1917-18",1
"Charles FitzGerald scrapbooks, circa 1901-1918",1
"Ida Guggenheimer correspondence with Walter Pach and related miscellaneous material, 1929-1951",1
"Alger Beal papers relating to Reynolds and Gifford Beal, circa 1890-1965",1
"Mary Chase Stratton papers, circa 1846-1959",1
"Eugene E. Speicher papers, 1906-1954",1
"Mohr Art Galleries records, 1915-1950",1
"Records relating to art commissions, 1954-1968",1
"Pewabic Pottery records, 1891-1973",1
"Artists Equity Association artists' files, 1949-1951",1
"National Arts Club records, 1898-1960",1
"Ulfert Wilke papers, 1934-1977",1
"Boris Deutsch papers, circa 1912-1979",1
"George A. Rosenberg papers, 1937-1966",1
"ACA Galleries records, 1917-1963",1
"Goupil & Cie. gallery correspondence, 1867-1884",1
"Daisy Marguerite Hughes sketchbooks and papers, 1925-circa 1968",1
"Robert Bushnell papers, 1943-1944",1
"Hayden Herrera papers, 1926-2006, bulk 1984-1997",1
"It is : a magazine for abstract art, 1958-1965",1
"Robert Strong Woodward letters and papers, 1890-1985",1
"Frank Martin photographs, 1979-1982",1
"Selected art related letters from the George M. Conarroe Autograph Collection, 1804-1864",1
"Museum of Contemporary Art records, 1979-1986",1
"Donald Bear papers, 1923-1960",1
"George Anthony Dondero papers, 1949-1965",1
"James C. Nichols scrapbooks, 1885-1975",1
"Fred Werner collection of Lyonel Feininger sketches, 1889-1890",1
"A survey of art work in the city and county of San Francisco, / by Martin Snipper for the art commission, city and county of San Francisco, 1950",1
"American Indian Portraits exhibition records, 1938",1
"Chicago Society of Artists records, 1940-1967",1
"Contemporary Arts Association/Museum records, 1948-1979",1
"Perle Fine papers, 1940-1967",1
"Louis Comfort Tiffany scrapbook, 1902-1918",1
"Kenneth and Emma-Stina Prescott research material on artists, 1919-2001, bulk 1973-1991",1
"Gladys Gazarian scrapbooks relating to American artists, 1904-1923",1
"Ben-Zion papers, 1943-1952",1
"Moses Jacob Ezekiel and his work graphic, ca. 1910",1
"Peter Agoos photographs of art work by Richard Filipowski, circa 1994",1
"Albert Edward Elsen papers, 1942-ca. 1995",1
"Mark Rothko Foundation records, 1976-1987",1
"Jane Sauer Papers and Gallery records, 1898-2013",1
"Paul Wonner photographs and printed material, ca. 1956-2005",1
"Gordon Cook papers, 1956-1976",1
"Ronald A. Kleemann papers, circa 1942-2008",1
"Charles Seliger diaries, 1959-1987",1
"Aaron Kurzen papers, 1941-2017",1
"Mary Bradish Call papers, 1947-1975",1
"Art and democracy, 1910",1
"Henry Alexander : San Francisco's first native-born artist: typescript, by Lois K. Gordon, 1978 /",1
"Yasuo Kuniyoshi letters to Myra Miller, 1932-1944 and undated",1
"Susan Conway Gallery records, circa 1928, 1940s-2003, bulk 1987-2003",1
"Richard Wilt papers, 1938-1981",1
"John Frederick Kensett memorial exhibition installation at the National Academy of Design, 1873",1
"Dorr Bothwell papers, 1900-2006",1
"Oral history interviews relating to Claremont Graduate University School of Arts and Humanities, 2012",1
"Guy Dill papers, 1972-2023",1
"Burgoyne Diller papers, 1924-1987",1
"David McCarthy oral history interviews with artists, 1989-1998",1
"Edith Bry papers, 1914-1969",1
"Florence Knoll Bassett papers, 1932-2000",1
"Cooper Union Museum for the Arts of Decoration drawings, ca. 1820-1943",1
"Augustus F. de Forest papers, 1852-1946",1
"Taos Society of Artists records, 1915-1948",1
"John Quidor letter to Stewart L. Woodford, 1868 July 13",1
"John Doctoroff papers, circa 1920-1960",1
"Merlin Hardy photographs of works of art, 1941",1
"Kate Lang papers, 1921-1996",1
"Helen Stein papers relating to Marsden Hartley, undated and 1934-1949",1
"José de Rivera papers, 1930-1991",1
"Society of Washington Printmakers records, 1956-1965",1
"Naomi Savage Papers on Man Ray, 1913-2005",1
"Arnold Crane interviews of photographers, ca. 1968-1971",1
"Ernest Lawson papers, 1907-1967",1
"John Wilson papers, circa 1939-1993",1
"Jacques Seligmann & Co. records, 1904-1978, bulk 1913-1974",1
"Fremont F. Ellis scrapbook, 1919-1969",1
"Lecture about the American National Exhibition in Moscow in 1959, 1959 Oct. 19",1
"The Use of Power and Color, by Frederick J. Schwankovsky, 1931",1
"Martha Jackson Gallery records, 1954-1964",1
"Donna Stein research material on Helen Lundeberg, 1942-1993",1
"Kathleen Blackshear and Ethel Spears papers, 1920-1991",1
"Photographs of Iowa community art centers, 1938-1939",1
"Olinka Hrdy papers, 1913-1955",1
"George A. Gilbert artworks, ca. 1810-1842.",1
"Ralph White papers, 1942-1982",1
"John O'Neil papers, 1945-1978",1
"Charles H. Woodbury papers, 1866-1939",1
"Clement N. Swift papers, 1872-1947",1
"Jerry L. Thompson papers, circa 1970-2016",1
"Daniel Varney Thompson papers, 1848-1979, bulk 1923-1979",1
"Thomas Adrian Fransioli papers, 1937-1980",1
"Isadore Ressler letter and photograph, 1928-circa 1940",1
"Martin Brimmer letters, 1880-1896",1
"William Stanley Haseltine papers, 1876-1900",1
"Russell, Xanthus, and Mary Smith family papers, 1793-1977, bulk 1826-1977",1
"Hermine Benhaim Freed papers relating to Howard Putzel, 1945-1966",1
"Burton Freund papers, 1937-1955",1
"Bert L. Long, Jr. papers, 1975-1982",1
"George L. K. Morris : artist and advocate of abstract art or how an american millionaire found meaning through modern art / by Dorian Hyshka Stross, undated",1
"Arthur Monroe papers, circa 1940-2019",1
"Robert S. Duncanson (1821-1872) : the Late Literary Landscape Paintings by Joseph D. Ketner, II, 1980 Sept",1
"Sarah Paxton Ball Dodson scrapbook, ca. 1860-1900",1
"American Artists Group records, 1931-1966",1
"Mel Chin papers, 1977-1985",1
"Jacques Schnier papers, 1941-1979",1
"Ox-Bow Summer School of Painting records, 1911-1978",1
"George Tsutakawa in Japan video project, 1988-1990",1
"Juanita Marbrook Guccione papers, 1923-1976",1
"The Renaissance Society at the University of Chicago records, 1917-1981",1
"David Shapiro papers, 1942-1987",1
"National Society of Mural Painters records, 1895 - circa 2007",1
"Bryson Burroughs papers, 1915-1922 and undated",1
"Paul F. Keene papers, circa 1940-1987",1
"Frank Stauffacher papers, 1927-1962",1
"Nora Chapa Mendoza papers, circa 1963-2013",1
"Harriet Blackstone papers, 1870-1984",1
"George Washington Stevens papers, 1910-1911",1
"Ernest Blumenschein papers, 1873-1964",1
"Nicolai Cikovsky papers, 1939-1964",1
"Charles M. Kurtz papers, 1843-1990, bulk 1884-1909",1
"Arnold Blanch papers, 1928-1933",1
"Robert Scull papers, 1955-circa 1984, bulk 1965-1970",1
"Charlotte Berney research material relating to California artists, circa 1910s-2013, bulk 1980-2002",1
"Peppino Mangravite papers, 1918-1982",1
"Amy Jones papers, 1910s-2015, bulk 1930s-1992",1
"Stephen Greene papers, 1945-1969",1
"Leah Curtiss-Gould papers, 1918-1985",1
"National Society of Painters in Casein and Acrylic records, 1952-1977",1
"Women in the Arts Foundation records, 1971-1979",1
"John Hultberg papers, circa 1922-1997",1
"Marion Greenwood papers, 1883, circa 1933-circa 1960",1
"Albert E. McVitty papers relating to McVitty's art collection, 1902-1971",1
"Xanthus Smith diaries, 1883-1892",1
"Charles C. Adams papers, 1931-1948",1
"Joseph Cornell papers, 1804-1986, bulk 1939-1972",1
"Byron Browne papers, 1920-1979",1
"An Evening with the Los Angeles Modernists, 1990",1
"Judson Smith papers, 1887-1975",1
"Ronald Lee Boise papers, 1964-1966",1
"John W. Taylor and Andrée Ruellan papers, circa 1920-2006",1
"Sam Hunter papers relating to Larry Rivers, 1950-1969",1
"Peter and Rose Krasnow papers, 1914-1984",1
"Samuel J. Wagstaff papers, circa 1932-1985",1
"Nell Blaine papers, 1879, 1940-1985",1
"Rosalie Berkowitz papers relating to Forrest Bess (reel 3752), 1947-1981",1
"Emil J. Bisttram papers, circa 1902-1983",1
"William Valentine Schevill papers, ca. 1880-1935",1
"Caroline Durieux papers, ca.1900-1979",1
"The restoration of oil paintings microform, with a few practical hints to the owner of pictures, 1859",1
"Johnson family letters, circa 1897-1900",1
"William Sidney Mount papers, 1830-1860",1
"Thomas Sully papers, 1792-1871",1
"Evelyn Eisgrau papers, circa 1965-1978",1
"Selected art related documents from the Robins collection, 1939-1941",1
"Photographs of Works of Art - Collection One, undated",1
"Pop Art symposium, 1963 Aug. 28",1
"Toshiko Takaezu papers, circa 1925-circa 2010",1
"Samuel Esses material relating to Graffiti Workshop, 1979-2001",1
"Herman Schaus papers, 1867-1911",1
"Barbara Rose papers, 1962-circa 1969",1
"Harriet Hosmer : her era and art / by Margaret Wendell LaBarre, undated",1
"Joseph White papers, circa 1870-2010, bulk 1971-2008",1
"Printed material on Romare Bearden, Alice Neel, and Howard Newman, 1975-1990",1
"Albert Laessle papers, 1897-1971",1
"James D. Smillie and Smillie family papers, 1853-1957",1
"Oronzio Maldarelli photographs and printed materials, undated and 1963",1
"Dorothy Tyler papers, 1921-1959",1
"Elihu Vedder letters, 1870-1880 and undated",1
"John Neagle papers, 1817-1865",1
"Wesley Conrad Wehr papers, 1948-1980",1
"Valentine Gallery records, circa 1890-circa 1960",1
"Belisario Contreras papers, 1943-1984",1
"San Francisco Art Association and related organizational records, 1871-1978, bulk 1871-1920",1
"Aline Fruhauf papers, 1926-1976",1
"Walter Heil papers, 1929-1973",1
"Louis M. Eilshemius printed material, 1897-1941",1
"Everett Ellin Gallery records relating to David Smith, 1960-1963",1
"Forrest Bess letters to L. E. and Patricia Cooke, circa 1963-1964",1
"Bob Thompson papers, 1949-2005",1
"Robert Gilmor papers, ca. 1823",1
"Frederic Remington papers, 1880-1908",1
"O'Toole-Ewald Art Associates, Inc. records, circa 1970-2007",1
"Thomas Craven papers, 1919-1949, 1975",1
"Ida Waugh letter, 1891 July 24",1
"Art Information Center records, 1945-1983",1
"Symposium about Marsden Hartley, 1961 Aug. 24",1
"Edward Laning papers, 1880-1983",1
"Censorship and the government-sponsored art projects of the 1930's / Regina L. Wolkoff, 1970",1
"Wilmington Museum of Art papers, 1938-1942",1
"Saul Baizerman papers, circa 1916-1963",1
"John Thomas Biggers art works, 1940-1967",1
"Augusta Barker papers, 1875-1887",1
"Erle Loran papers, 1912-1999",1
"Worthington Whittredge papers, circa 1840s-1965, bulk 1849-1908",1
"Ray Strong papers, 1925-1996",1
"José Moya del Piño papers, 1924-1973",1
"Photographs of Walker Evans / graphic Edward A. Forman, 1975",1
"Dorothy Eisner papers, circa 1936-1980",1
"William T. Wiley illustrated journals, 1971-1974",1
"Hilaire Hiler articles and letter, 1936-1939",1
"Five ways of looking at the medium : typescript, by William Wilson, ca. 1970 /",1
"Jack Delano papers, 1939-1943",1
"Interview with Edith Carson, 1976 Oct. 19",1
"William Ehrich papers, circa 1918-1975",1
"Frode Nielsen and Katharine Skeele Dann papers, 1927-1965",1
"Edith Hamlin photographs, 1937",1
"Selected papers relating to James McNeill Whistler in the New York Public Library, 1830-1950",1
"College Art Association of America records, 1929-1934",1
"John I.H. Baur papers, 1946-1979",1
"Balcomb and Gertrude Greene papers, circa 1880s-2009",1
"Ben Buchanan photographs of artists, circa 1985-2015",1
"Albert M. Bender papers, 1909-1941",1
"Hermann Dudley Murphy papers, circa 1878-1982",1
"Howard Pyle letters, 1894 Aug. 19-1899 Nov. 14",1
"William Harnett sketches, 1870",1
"John Von Wicht papers, 1950-1970",1
"Rufus Stillman papers relating to Alexander Calder, 1959-1973",1
"Interview of Frank Kleinholz, ca. 1977",1
"Charcoal Club brochure, 1896",1
"Abbott Handerson Thayer and Thayer Family papers, 1851-1999, bulk 1881-1950",1
"Pat Adams papers, ca. 1948-1992",1
"Billy Al Bengston papers, circa 1940s-1989, bulk 1960-1988",1
"Charles C. Stewart scrapbooks, 1953-1985",1
"The magazine antiques, 1956 and 1957",1
"A. H. Wyant letters to Thomas Turlay, 1866",1
"Carl Battaglia Galleries records relating to Charles Burchfield exhibition, 1978",1
"Louis Bosa photographs, 1943-1974",1
"Enid Klass correspondence regarding the George Perutz art collection, 1965-2009",1
"Jasper Francis Cropsey papers, 1845-1868",1
"Robert Wiegand papers and video art, 1953-1994, 1953-1994",1
"Margueritte Kimball papers relating to the Cranbrook Academy of Art, 1929-1996",1
"Galka Scheyer papers, 1917-1945",1
"Timothy Cole letter and related materials, 1915-1922",1
"Charles Daniel papers, 1950-1967",1
"Hilla Rebay papers, 1921-1963",1
"Bessie Hoover and Herman Henry Wessel papers, 1914-1972",1
"Letters from Philip Evergood, 1953-1955",1
"Martin Friedman papers, ca. 1920-1971",1
"Stuart P. Feld artist files, 1835-1954",1
"Earle and Mary Ludgin papers, 1930-1983",1
"Donal Hord papers, 1936-1950",1
"Edward Millman papers, 1933-1951",1
"Peggy Bacon and Alexander Brook letters, 1940-1967",1
"Robert Laurent papers, 1869-1973",1
"Robert K. Fowler papers, ca. 1950-1982",1
"Reginald Marsh papers, 1897-1955",1
"Records of the Public Works of Art Project in Texas, 1933-1941",1
"Original drawings for The Marcel Breuer Coloring Book, undated",1
"M. E. Diemer photographs of John Steuart Curry, ca. 1930s",1
"Albert du Vannes photographs, 1896-1950, bulk 1898-1906",1
"Felix Gonzalez-Torres letters to Maria Martínez-Cañas, circa 1988-1992",1
"John Barber papers, 1911-1975",1
"Kenneth Russell Chamberlain papers, 1917-1972",1
"Harry Bowden papers, 1922-1972",1
"Charles Donagh Maginnis papers, 1900-1980",1
"Edith Tuckerman letters, circa 1920-1933",1
"Milton Hebald scrapbook, ca. 1956-1963",1
"Charles T. Williams papers, 1949-1966",1
"Charles Culver papers, 1920-1997",1
"Maurice Tuchman interviews, 1976",1
"David and Helen Pall papers relating to Philip Evergood, 1966-1969",1
"Worth Ryder papers, 1909-1966",1
"Eric Hudson and Hudson family papers, 1900-1992",1
"Panel discussion, ""The Rouge: the image of industry in the art of Charles Sheeler and Diego Rivera"", 1978 Sept. 20",1
"Helen Williams Drutt (English) exhibition posters on American craft, circa 1960-2010",1
"Seth Mattingly collection of magazine illustrations by animal illustrators, 1917-1930",1
"William Theo Brown papers, 1845-1971",1
"Ed Garman autobiography / by Ed Garman, 1994",1
"Violet Oakley autograph and photograph, 1902",1
"Bessie Potter Vonnoh papers, circa 1860-1991, bulk 1890-1955",1
"Library Company of Philadelphia Print Dept. photograph collection, ca. 1850-1890",1
"Donald Barton drawing, ca. 1925-1930",1
"Violet Oakley Memorial Foundation records, 1910-1987, bulk 1961-1987",1
"Ceremonies for the presentation of a portrait of the Honorable Adrian Jefferson Newton to the Supreme Court of North Carolina., 11:00 A.M., 4 March 1977, Courtroom of the Supreme Court Justice Building, Raleigh, 1977 Mar. 4",1
"Elizabeth Shippen Green Elliott papers, 1848-1947",1
"Edith Emerson papers, 1839-1981, bulk 1894-1971",1
"Olive Rush papers, 1879-1967",1
"Jacob Wagner papers, ca. 1870-1890",1
"Ward Eggleston Galleries records, 1940-1965",1
"Charles Mahoney collection of photographs of students at the School of the Museum of Fine Arts, Boston, ca. 1925",1
"Helen Treadwell papers, 1952-1968",1
"Lorser Feitelson and Helen Lundeberg papers, circa 1890s-2002",1
"Vietnam Veterans Memorial Fund printed material, 1980",1
"Jean Ellen Jones research material and writings on self-taught artists, 1997-2001",1
"Chuck and Jan Rosenak research material, circa 1938-2008",1
"Patricia Hills papers, circa 1900-2022",1
"E. Middleton Manigault correspondence and account book, 1906-1950",1
"Henry Major papers, 1922-1950",1
"Contemporary Arts Museum records, 1957-1972",1
"Charles and Leta English Hess papers, 1895-1987",1
"George Biddle murals graphic, 1936",1
"Minutes of a communist cell on art : anonymous, but believed unquestionably authentic by competent authorities reveals the party's tactics re: ""modern art"", c1960",1
"Donald Goodall papers, 1938-1942",1
"Leon Kroll papers, circa 1900-1988",1
"Kitty C. L. Fischer papers relating to Frans Wildenhain, 1940-1981",1
"Oral history interviews with North Carolina glass artists, 1995",1
"Panel discussion, ""Artists inner vision"", 1970 Nov. 21",1
"Fritz Bultman papers, 1928-2010, bulk 1940s-1990s",1
"Edward Fisk papers, 1887-1990",1
"Vernon Howe Bailey photographs, ca. 1933",1
"Ernest William Watson papers, 1949-1965",1
"Clement Greenberg papers, 1937-1983",1
"Printed material relating to Jon Corbino, circa 1920-2010",1
"Catherine Lorillard Wolfe Art Club records, 1941-1965",1
"George Grey Barnard papers, circa 1860-1969, bulk 1880-1938",1
"Camera notes, 1897-1903",1
"Clare Leighton papers, 1931-1967",1
"Idelle Weber papers, 1963-1981",1
"Skowhegan School of Painting and Sculpture records, 1945-2013",1
"Harold Helwig and Lenore Davis papers, 1940-2013",1
"Artists' statement, 1947",1
"Robert C. Osborn photographs, 1928-1973",1
"Art League of Houston papers, 1948-1983",1
"Womanspace Gallery records, 1970-1974",1
"Nathaniel Saltonstall Arts Fund records, 1968-1975",1
"Correspondence with Charles Sawyer, 1935-1937",1
"George Loring Brown sketchbook and engravings and Harriet Pease Brown diary, 1836-1841",1
"Frank Stella papers, 1941-1993, bulk 1978-1989",1
"F. Holland Day papers, 1858-1977",1
"Alexander Iolas and Brooks Jackson Gallery records, 1945- circa 1985",1
"Hugo Robus sculpture graphic / Carroll Siskind photographer, 1944-1958",1
"Wisconsin Federal Art Project records, 1935-1945",1
"Sculptor's clay : typescript, by Dorothy Grafly, undated /",1
"Eugenia Everett scrapbook, 1931-1963",1
"Photographs of artists in their Paris studios, 1880-1890",1
"Eleanor Howland Bunce papers, 1936-1987",1
"John Angel photographs and printed materials, 1921-1955",1
"Dorothy Seiberling papers, 1910-1955",1
"Arnold Rönnebeck and Louise Emerson Ronnebeck papers, 1884-2002",1
"Nancy Goldring papers, circa 1950-2020",1
"M. A. Thomas art work, circa 1932-1936",1
"Printed Matter, Inc. records, 1970-1990",1
"Printed matter, 1940",1
"Panel discussion, ""Post Painterly Abstraction"", 1964",1
"Photographs of Works of Art by Rudulph Evans, circa 1941-1983",1
"Douglas C. Nicholson photographs of mural, 1939",1
"Karl R. Free sketchbooks, ca. 1920-1940",1
"Bror Julius Olsson (B.J.O.) Nordfeldt papers, 1909-1989",1
"Jerome Blum papers, 1915-circa 1969, bulk 1919-1935",1
"Elizabeth A. Jones papers, 1960-1997",1
"Outlines Gallery scrapbooks, 1941-1947",1
"Helen Elizabeth Keep papers, 1932-1959",1
"Chester County Art Association records, 1912-1942",1
"Downtown Gallery records, 1824-1974, bulk 1926-1969",1
"Joseph Hirshhorn letter, 1958",1
"Bland Gallery letters, 1931-1953",1
"Kate Steinitz papers, circa 1910-2002",1
"Michael P. Church papers, 1934-1984",1
"Isabel Lydia Whitney papers, 1832-1973",1
"Winslow Homer letters to M. Knoedler and Company, 1900-1904",1
"Oral history interview with Judy Chicago, 1995-1997",1
"Samuel Chamberlain papers, 1908-1971",1
"Elaine de Kooning interview, 1983 and undated",1
"Lucien and Marcelle Labaudt papers, 1896-1987",1
"Peter Howard Selz papers, 1929-2018, bulk 1950-2005",1
"Wally Hedrick papers, 1954-1974",1
"Joseph Cain papers, 1955-1984",1
"Reginald Marsh photographs, circa 1940",1
"Linda Lindeberg papers, 1951-1973",1
"H. Bella Schaeffer papers, circa 1930-1974",1
"Michigan Art and Craft Project records, circa 1940-1942",1
"Edgar L. Yaeger papers, 1923-1989",1
"Paul J. Smith papers, 1940-2020",1
"David Smith sketchbook, 1954-1969",1
"Maurice Brazil and Charles Prendergast selected papers, ca.1865-1992",1
"Martin Johnson Heade papers, 1853-1904",1
"Ultra Violet papers, 1959-1969",1
"Ramon Paez letters from Frederic Edwin Church, 1862-1900",1
"Staten Island Institute of Arts and Sciences records, 1847-1945",1
"Fred Dana Marsh illustrated letters, undated",1
"Esther G. Rolick papers, 1940-1985",1
"Roko Gallery records, 1929-1982, bulk 1970-1978",1
"Douglas Volk and Leonard Wells Volk papers, circa 1858-1965, 2008, bulk 1870-1935",1
"Randolph Rogers papers, 1848-1964",1
"Thomas Hart Benton and Ira Glackens letters, 1966-1971",1
"Berryman family papers, 1829-1984, bulk 1882-1961",1
"Clinton Adams papers, 1934-2002",1
"Museum of Temporary Art records, 1974-1982",1
"Charles Pollock papers, 1875-1994",1
"Eleanor Piacenza papers relating to Thomas Hart Benton, 1915-1988",1
"Matthew Baigell papers, ca. 1965-1985",1
"Radio interview with Stanton Macdonald-Wright, 1967 May 26",1
"Helen Appleton Read papers, ca. 1920-1974",1
"Andrew Dasburg and Grace Mott Johnson papers, 1833-1980, bulk 1900-1980",1
"John Sloan letters and sketch, 1909-1933",1
"Laura Andreson papers, 1932-1991",1
"Lincoln Kirstein and Richard Sherman Nutt research material on William Rimmer, 1849-1971",1
"W. G. Constable photograph and clipping, undated",1
"Stearns-Ames collection, ca. 1838-1894",1
"Henry Kirke Brown papers, 1836-1893",1
"Emma Ehrenreich papers, circa 1938-1976",1
"Arthur B. Wilder papers, ca. 1866-1944",1
"Lynd Ward papers, 1934-1964",1
"Los Angeles Institute of Contemporary Art records, 1973-1988",1
"National Museum Services Board Chairman's files, ca. 1977-1982",1
"Raymond Steth papers, 1941-1989",1
"Fred Mitchell papers, 1938-2007",1
"Pyramid Club exhibition catalogs, 1943-1955",1
"Julian Oliver Davidson drawings, ca. 1880-1892",1
"Charles C. Dawson papers, 1910-1980",1
"George Peter Alexander Healy letter, Seville, Spain, 1888",1
"Frank Marsden London printed materials, 1925-1974",1
"George Grey Barnard selected papers, 1895-1941",1
"William Ordway Partridge papers, 1879-1920",1
"Edward Kemeys letters to Edith Hibbard, 1896-1901",1
"Edward Clark Potter papers, 1903-1933",1
"Ruth Armer papers, 1911-1976",1
"Henry Linder photographs and papers, 1877-1931",1
"Margery Ryerson papers, circa 1790, 1902-1965, circa 1900",1
"Coulton Waugh and Waugh Family papers, 1751-1974, bulk 1838-1974",1
"Kraushaar Galleries records, 1877-2006",1
"William Rudolph O'Donovan letters, 1860-1920",1
"Will Barnet papers, 1897, 1929-2016",1
"Jean Bergantini Grillo papers, 1962-1974",1
"Henry Fitch Taylor scrapbooks, 1909-1921",1
"Howard Warshaw papers, ca. 1945-1977",1
"Ed Moses papers, 1954-1980",1
"William Thon papers, 1925-2001",1
"Cushing Galleries records, 1966-1979",1
"Hilaire Hiler papers, circa 1898-1969",1
"Beatrice Fenton papers, 1836-1984, bulk 1890-1978",1
"Texas Sculpture Symposium records, 1982-1983",1
"Walker Hancock papers, 1911-1995",1
"Eleanore Lockspeiser papers, 1918-1982",1
"Marta Adams Papers, circa 1914-circa 1991",1
"Nathan Oliveira interview, 1979-2000",1
"Robert Fridenberg gallery records, 1921-1943",1
"H. Wade White papers, 1934-1970",1
"Dorothy Dow letters and sketches from John Norton, ca. 1920.",1
"Holger Cahill papers, 1910-1993, bulk 1910-1960",1
"Adele S. Brown papers, 1935-1982",1
"Castano Galleries records, 1907-1983",1
"Glenn O. Coleman scrapbook and photographs, 1907-1943",1
"William Kessler photographs of art work by Richard Filipowski, circa 1994",1
"Marion Weeks papers, circa 1950-1963",1
"Print Club scrapbooks, 1916-1982",1
"Sidney Janis Gallery exhibition catalogs, 1951-1998",1
"Preston Powers letter, 1891 Nov. 28",1
"Thomas H. Garver research material on Bruce Conner and George Tooker, 1973-1974",1
"Fred Nankivel papers, 1899-1973",1
"Nancy Kaufman letters from artists, 1975-1996",1
"Abbo Ostrowsky papers, 1905-1976",1
"Joan Kron papers, 1959-1971",1
"John Wilde papers, 1935-2011",1
"James M. Ray files on artists, 1962-1993",1
"Impressions Gallery and Workshop records, ca. 1963-1984",1
"Robert Isaacson Gallery records, 1952-1967",1
"Broom : an international magazine of the arts, 1921-1924",1
"Robert Amft slides and photographs, 1960-1985",1
"Henry Lee McFee papers, 1928-1964",1
"Dimitri Hadzi papers, 1910s-2007",1
"Joseph Jackson papers, 1913-1946",1
"Maurice W. Berger correspondence with John Wilde, 1952-1959",1
"American Association of University Women records, 1935-1955",1
"Frank C. Kirk papers, 1929-1964",1
"John Carroll with sculpture bust graphic / Benjamin Marsh photographer, ca. 1935",1
"David Ireland Papers, circa 1910s-circa 2009, bulk 1960-2005",1
"Michael Bell papers, 1942-1988",1
